Naptan No,Stop Location,Stop Name,Shelter Pole or Lamp Post ,Seat,Raised Kerb
1000053311,Filwood Park,Airport Road (a),Pole,No,No
1000053312,Filwood Park,Airport Road (b),Pole,No,No
0100BRA10287,Knowle,Airport Road (c),Pole,No,Yes
0100BRA10288,Knowle,Airport Road (d),Pole,No,Yes
0100BRA10644,Avonmouth,Akeman Way,Pole,No,No
0100BRA10645,Avonmouth,Akeman Way,Pole,No,No
100053264,Broomhill,Alberton Road,,,
0100BRP90676,Broomhill,Alberton Road,,,
0100BRP90204,Fishponds,Alcove Road,Shelter,Yes,Yes
0100BRA10663,Coombe Dingle,Aldercombe Road,Pole,No,No
0100BRA10665,Coombe Dingle,Aldercombe Road,Pole,No,No
0100BRZ01662,Windmill Hill,Alfred Road,,,
0100BRZ01663,Windmill Hill,Alfred Road,,,
0100BRA10433,Brislington,Allison Avenue,,,
0100BRA10195,Brislington,Allison Road,Pole,No,No
0100BRA10196,Brislington,Allison Road,Shelter,,No
0100BRA16905,Clifton,Alma Vale,Pole,No,No
0100BRP91023,Clifton,Alma Vale,Pole,No,No
0100BRA10278,Hengrove Park,Alverstoke,Pole,No,No
0100BRA10279,Hengrove Park,Alverstoke,Shelter,,No
0100BRP91081,Southmead,Ambleside Avenue,Shelter,,No
0100BRP91082,Southmead,Ambleside Avenue,Shelter,,Yes
1000053228,Canon's Marsh,Anchor Road (pa),Pole,No,No
1000053231,Canon's Marsh,Anchor Road (pb),Shelter,,No
1000053229,Canon's Marsh,Anchor Road (pc),Shelter,,No
1000053230,Canon's Marsh,Anchor Road (pd),Pole,No,No
1000053227,Canon's Marsh,Anchor Road (pi),Shelter,,No
0100BRP90984,Clifton Down,Apsley Road (a),Shelter, ,No
1000053310,Clifton Down,Apsley Road (b),Shelter,,No
0100BRP90989,Clifton Down,Apsley Road (c),Shelter,,No
0100BRA10834,Coombe Dingle,Arbutus Drive,,,No
0100BRA10835,Coombe Dingle,Arbutus Drive,,,No
0100BRA10857,Hillfields,Arglye Road,,,
0100BRA10858,Hillfields,Arglye Road,,,
0100BRA10209,St Anne's,Arlington Road (a),Pole,No,No
0100BRA10911,St Anne's,Arlington Road (b),Pole,No,No
0100BRA10210,St Anne's,Arlington Road (c),Shelter,,No
0100BRP90166,Easton,Armoury Square,Shelter,,Yes
0100BRP90218,Easton,Armoury Square,Shelter,,Yes
0100BRP91071,Henbury,Arnall Drive,Pole,No,No
0100BRP91072,Henbury,Arnall Drive,Shelter,,No
0100BRA10438,Arno's Vale,Arno's Court (a),Shelter,,No
0100BRA10933,Arno's Vale,Arno's Court (b),Shelter,Yes,Yes
0100BRA10445,Arno's Vale,Arno's Court (c),Shelter,Yes,Yes
0100BRA10439,Arno's Vale,Arno's Court (d),Shelter,Yes,Yes
0100BRA10444,Arno's Vale,Arno's Vale Cemetry,,,
0100BRP91085,Southmead,Arnside Road,Shelter,,Yes
0100BRP91086,Southmead,Arnside Road,Shelter,,No
0100BRA10285,Hengrove,Asda Oatlands Ave,Shelter,,No
0100BRA10286,Hengrove,Asda Oatlands Ave,Pole,No,No
0100BRA10052,Bedminster,Ashfield Road,Pole,No,Yes
0100BRA10053,Bedminster,Ashfield Road,Pole,No,Yes
0100BRP90030,Horfield,Ashley Down Rd (a),Shelter,,No
0100BRP90031,Horfield,Ashley Down Rd (b),Shelter,,Yes
0100BRP90029,Horfield,Ashley Down Rd (c),Shelter,,Yes
0100BRP90079,St Andrews,Ashley Park,Pole,No,No
0100BRP90080,St Andrews,Ashley Park,Shelter,,No
0100BRA10012,Ashton Vale,Ashton Drive,Shelter,,No
0100BRA10013,Ashton Vale,Ashton Drive,Pole,No,No
100053344,Bower Ashton,Ashton Park School,,,
0100BRZ01682,Knowle,Atlas Rd Kensal Rd,,,
0100BRA10743,Harbour,Avon Crescent,,,No
0100BRA16925,Harbour,Avon Crescent,Lamp Post,,No
0100BAZ02459,The Dings,Avon Street,,,
0100BAZ02458,The Dings,Avon Street,,,
0100BRA10716,Sea Mills,Avon Way,,,
0100BRA10717,Sea Mills,Avon Way,,,
0100BRA10730,Avonmouth,Avonmouth Station,Pole,No,No
100053283,Avonmouth,Avonmouth Way,Pole,No,No
0100BRP91060,Henbury,Avonmouth Way,Pole,No,Yes
0100BRP91061,Henbury,Avonmouth Way,Shelter,,Yes
0100BRA10589,Lawrence Weston,Badenham Grove,Pole,No,No
0100BRA10590,Lawrence Weston,Badenham Grove,Shelter,,No
0100BRZ00681,Stoke Bishop,Badminton School,,,
0100BRZ01708,Westbury Park,Badminton School,,,
0100BRP92020,Southmead,Badocks Wood Sch,Pole,No,No
0100BRP92021,Southmead,Badocks Wood Sch,Pole,No,Yes
0100BRP90378,Bristol City Centre,Baldwin Street (ba),Shelter,Yes,No
0100BRP90377,Bristol City Centre,Baldwin Street (bb),Shelter,Yes,Yes
0100BRP90379,Bristol City Centre,Baldwin Street (bc),Shelter,Yes,Yes
0100BRP90381,Bristol City Centre,Baldwin Street (bd),Pole,No,No
0100BRP90383,Bristol City Centre,Baldwin Street (be),Pole,No,No
0100BRP90382,Bristol City Centre,Baldwin Street (bi),Pole,No,No
0100BRP90380,Bristol City Centre,Baldwin Street (bj),Pole,No,No
0100BRP90081,Montpelier,Balmoral Road,Pole,No,No
0100BRP90082,Montpelier,Balmoral Road,Pole,No,No
0100BRA10744,Harbour,Baltic Wharf,Lamp Post,No,No
0100BRA10745,Harbour,Baltic Wharf,,,
0100BRA10642,Avonmouth,Barrack's Lane,Shelter,,No
0100BRA10643,Avonmouth,Barrack's Lane,Shelter,,No
0100BRA10707,Shirehampton,Barrow Hill Road,,,
0100BRA10189,Brislington,Bath Rd S'wood Rd,Shelter,Yes,Yes
0100BRA10890,Brislington,Bath Rd S'wood Rd,Shelter,,Yes
0100BRA16903,Ashton Gate,Bath Street,Pole,No,No
0100BRA10381,Stockwood,Battson Road,,,
0100BRA10382,Stockwood,Battson Road,,,
0100BRP92077,Westbury Park,Bayswater Avenue,Pole,No,No
0100BRP92078,Westbury Park,Bayswater Avenue,Pole,No,No
0100BRA10339,Knowle,Beaconsfield Road,Pole,No,Yes
0100BRA10356,Knowle,Beaconsfield Road,Shelter,,No
0100BRA10216,Barton Hill,Beam Street,Pole,No,No
0100BRA10217,Barton Hill,Beam Street,Shelter,,No
0100BRA16933,Bedminster,Bedminster College,,,No
0100BRA16934,Bedminster,Bedminster College,,,No
0100BRA10110,Bedminster Down,Bedminster Down (a),Shelter,,Yes
0100BRA10360,Bedminster Down,Bedminster Down (b),Pole,No,No
0100BRA10079,Bedminster Down,Bedminster Down (c),Pole,No,No
0100BRA10111,Bedminster Down,Bedminster Down Rd,Shelter,,No
0100BRA10067,Bedminster,Bedminster Pde (a),Shelter,,No
0100BRA10068,Bedminster,Bedminster Pde (b),Shelter,,No
0100BRA10065,Bedminster,Bedminster Pde (c),Shelter,,No
0100BRA10066,Bedminster,Bedminster Pde (d),Shelter,,No
100053337,Bedminster,Bedminster Road,,,No
100053338,Bedminster,Bedminster Road,,,No
0100BRC53357,Broomhill,Begbrook Lane,,,
0100BRA10572,Frenchay,Begbrook Park,Shelter,,Yes
0100SGP90563,Frenchay,Begbrook Park,Pole,No,No
0100BRP90979,Clifton,Belgrave Road (a),Shelter,,No
0100BRP90981,Clifton,Belgrave Road (b),Shelter,,No
0100BRA10235,Whitchurch,Belland Drive (a),Lamp Post,No,No
0100FBX18331,Whitchurch,Belland Drive (b),Shelter,,No
0100BRA46637,Whitchurch (Bristol),Belland Drive (c),,,
0100BRA46641,Whitchurch (Bristol),Belland Drive (d),,,
0100BRA10821,Easton,Bellevue Road,,,No
0100BRA10822,Easton,Bellevue Road,,,No
0100BRA10064,Totterdown,Bellvue Road,Shelter,,Yes
0100BRA10359,Totterdown,Bellvue Road,Shelter,,Yes
0100BRP90083,Montpelier,Belvoir Road,Pole,No,No
0100BRP90084,Montpelier,Belvoir Road,Pole,No,No
100053320,Hengrove,Beryl Grove,Pole,No,No
0100BRA10330,Filwood Park,Bideford Crescent,Pole,No,Yes
0100BRA10331,Filwood Park,Bideford Crescent,Pole,No,No
0100BRA10383,Stockwood,Bifield Gardens,,,
0100BRA10384,Stockwood,Bifield Gardens,,,
0100BRP92001,Bishopston,Birchall Road,Pole,No,No
0100BRP92002,Bishopston,Birchall Road,Pole,No,No
0100BRA10088,Bishopsworth,Bishopsworth Baths,Shelter,,Yes
0100BRA10089,Bishopsworth,Bishopsworth Baths,Pole,No,Yes
0100BRA10086,Bishopsworth,Bishopsworth Lib.,Pole,No,Yes
0100BRA10087,Bishopsworth,Bishopsworth Lib.,Shelter,,Yes
0100BRP92061,Henleaze,Bishopthorpe Road,Shelter,,No
0100BRP92062,Henleaze,Bishopthorpe Road,Pole,No,No
0100BRA10108,Hartcliffe,Bishport Ave (a),Shelter,,No
0100BRA10109,Hartcliffe,Bishport Ave (b),Shelter,,No
0100BRA10941,Redland,Black Boy Hill (a),Pole,No,No
0100BRP90986,Redland,Black Boy Hill (b),Shelter,,No
0100BRP90987,Redland,Black Boy Hill (c),Shelter,,No
0100BRP90988,Redland,Black Boy Hill (d),Shelter,,No
0100BRA10563,Fishponds,Blackberry Hosp (a),Lamp Post,No,No
0100BRA10555,Fishponds,Blackberry Hosp (b),Pole,No,No
0100BRA10564,Fishponds,Blackberry Hosp (c),Shelter,,No
0100SGZ01485,Two Mile Hill,Blackhorse Road,,,
0100BRA16947,Bower Ashton,Blackmoors Lane,Shelter,Yes,Yes
0100BRA56548,Redfield,Blackswarth Rd (d),,,
0100BRA10461,Redfield,Blackswarth Road,Shelter,,Yes
0100BRA46650,Redfield,Blackswarth Road,Shelter,,Yes
0100BRA10574,Henbury,Blaise Castle,Shelter,,No
0100BRA10575,Henbury,Blaise Castle,Pole,No,No
0100BRP90134,Lockleaze,Blakeney Road,Pole,No,No
0100BRP90135,Lockleaze,Blakeney Road,Pole,No,No
0100BRP90356,Old Market,Bond Street (ok),Shelter,Yes,Yes
0100BRP90355,Old Market,Bond Street (ol),Shelter,Yes,Yes
0100BRP90354,Old Market,Bond Street (om),Shelter,Yes,Yes
0100BRP90357,Old Market,Bond Street (ou),Shelter,Yes,No
,Broadmead,Bond Street (rb),,,
0100BRP90364,Broadmead,Bond Street (rc),Shelter,Yes,Yes
0100BRP90365,Broadmead,Bond Street (rd),Shelter,Yes,Yes
0100BRA56576,Eastville,Boswell Street,Pole,No,
0100BRA46654,Bower Ashton,Bower Ashton Campus,,,No
0100BRA16901,Bedminster,Breach Road,Pole,No,No
0100BRA16902,Bedminster,Breach Road,Pole,No,No
0100BRA10357,Knowle,Brecknock Road,Shelter,,No
0100BRA16946,Knowle,Brecknock Road,Shelter,,No
0100BRP91034,Stoke Bishop,Brecon Road,Shelter,,No
0100BRP91035,Stoke Bishop,Brecon Road,Pole,No,No
0100BRZ01674,Windmill Hill,Brendon Road,,,
0100BRZ01675,Windmill Hill,Brendon Road,,,
0100BRP91047,Brentry,Brentry Hill,Shelter,,No
0100BRP91048,Brentry,Brentry Hill,Pole,No,No
0100BRP91098,Brentry,Brentry Hospital,,,
0100BRP91099,Brentry,Brentry Hospital,,,
0100BRP91051,Brentry,Brentry Lane,Pole,No,No
0100BRP91052,Brentry,Brentry Lane,Shelter,,No
0100BRP91053,Brentry,Brentry Roundabout,Shelter,,Yes
0100BRP91054,Brentry,Brentry Roundabout,Shelter,,No
0100BRP90272,Kingsdown,BRI (hj),Shelter,Yes,No
0100BRP90273,Kingsdown,BRI (hk),Shelter,Yes,No
0100BRP90271,Kingsdown,BRI (hl),Shelter,Yes,No
0100BRA10523,Hillfields,Briar Way,Pole,No,No
0100BRA10524,Hillfields,Briar Way,Shelter,,No
0100BRA56578,Hartcliffe,Bridge Campus,No,No,Yes
0100BRA56579,Hartcliffe,Bridge Campus,No,No,Yes
0100BRP91013,Clifton,Bridge Valley Road,Pole,No,No
0100BRP91014,Clifton,Bridge Valley Road,Pole,No,No
0100BRC53356,Horfield,Bridge Walk,,,No
0100BRA10367,Highridge,Bridgwater Road,Shelter,,No
0100BRA10368,Highridge,Bridgwater Road,Pole,No,No
0100BRA10272,Whitchurch,Briery Leaze Road,,,
0100BRA10273,Whitchurch,Briery Leaze Road,,,
0100BRP90088,St Pauls,Brigstocke Road,Pole,No,No
0100BRP90089,St Pauls,Brigstocke Road,Pole,No,No
0100BRA10545,Stapleton,Brinkworthy Road,Pole,No,No
0100BRA10546,Stapleton,Brinkworthy Road,Pole,No,No
0100BRA10230,Brislington,Brislington Hill,Shelter,,No
0100BRA10231,Brislington,Brislington Hill,Pole,No,No
0100BRA10888,Brislington,Brislington House,Shelter,Yes,Yes
0100BRA10889,Brislington,Brislington House,Pole,No,Yes
0100BRA10891,Brislington,Brislington P&R,,,No
0100BRC53378,Brislington,Brislington School,,,
0100BRA10192,Brislington,Brislington Sq (a),Shelter,,Yes
0100BRC53398,Brislington,Brislington Sq (a),Shelter,,Yes
0100BRA10229,Brislington,Brislington Sq (b),Shelter,,Yes
0100BRP91015,Clifton,Bristol Zoo,Shelter,,Yes
0100BRP91016,Clifton,Bristol Zoo,Shelter,,Yes
0100BRC53374,Bedminster,Brixham Road,,,No
0100BRC53375,Bedminster,Brixham Road,,,No
0100BRA10808,Bristol City Centre,The Centre (ck),Shelter,Yes,Yes
0100BRA10807,Bristol City Centre,The Centre (cl),Shelter,Yes,Yes
0100BRA10809,Bristol City Centre,The Centre (cm),Shelter,Yes,Yes
0100BRA10810,Bristol City Centre,The Centre (cn),Shelter,Yes,Yes
0100BRA10811,Bristol City Centre,The Centre (co),Shelter,Yes,Yes
0100BRA10170,Knowle,Broad Walk Shops (a),Shelter,,No
100053316,Knowle,Broad Walk Shops (b),Shelter,,Yes
0100BRA10169,Knowle,Broad Walk Shops (c),Shelter,,Yes
0100BRA10165,Knowle,Broad Walk Sq (a),Pole,No,Yes
0100BRA10294,Knowle,Broad Walk Sq (b),Pole,No,Yes
0100BRA10166,Knowle,Broad Walk Sq (c),Shelter,,Yes
0100BRA10293,Knowle,Broad Walk Sq (d),Pole,No,Yes
0100BRA10787,Broadmead,Broad Weir (sa),Shelter,Yes,Yes
0100BRA10788,Broadmead,Broad Weir (sb),Shelter,Yes,Yes
0100BRA10789,Broadmead,Broad Weir (sv),Pole,No,No
0100BRA10790,Broadmead,Broad Weir (sw),Pole,No,No
0100BRA10159,Novers Park,Broadbury Road,Shelter,,No
0100BRA10160,Novers Park,Broadbury Road,Shelter,,No
0100BRA10675,Lawrence Weston,Broadlands Drive,,,No
0100BRP90092,St Werburghs,Brook Road,Pole,No,No
0100BRP90093,St Werburghs,Brook Road,Shelter,,Yes
100053332,Bedminster Down,Brooklyn Road (a),,,No
100053333,Bedminster Down,Brooklyn Road (b),,,No
0100BRA10547,Broomhill,Broom Hill,Pole,No,No
0100BRA10450,Brislington,Broomhill Road,Pole,No,No
0100BRA10919,Brislington,Broomhill Road,Pole,No,No
0100BRA10427,Broom Hill,Broomhill Road,,,
0100BRA10428,Broom Hill,Broomhill Road,Shelter,,No
0100BRP90087,St Pauls,Brunswick Street,Pole,No,No
0100BRA10476,St George,Bryants Hill (a),Pole,No,No
0100BRA10477,St George,Bryants Hill (c),Shelter,,Yes
0100BRA10903,St Anne's,Buckingham Road,Pole,No,No
0100BRA10904,St Anne's,Buckingham Road,,,No
0100BRP91100,Brentry,Burghill Road,,,
0100BRP91102,Brentry,Burghill Road,,,
1000053223,Bristol Bus Station,Bus Station Bay 1,Bus Station,Yes,Yes
1000053212,Bristol Bus Station,Bus Station Bay 10,Bus Station,Yes,Yes
1000053211,Bristol Bus Station,Bus Station Bay 11,Bus Station,Yes,Yes
1000053210,Bristol Bus Station,Bus Station Bay 12,Bus Station,Yes,Yes
1000053209,Bristol Bus Station,Bus Station Bay 13,Bus Station,Yes,Yes
1000053208,Bristol Bus Station,Bus Station Bay 14,Bus Station,Yes,Yes
1000053207,Bristol Bus Station,Bus Station Bay 15,Bus Station,Yes,Yes
1000053206,Bristol Bus Station,Bus Station Bay 16,Bus Station,Yes,Yes
1000053205,Bristol Bus Station,Bus Station Bay 17,Bus Station,Yes,Yes
1000053204,Bristol Bus Station,Bus Station Bay 18,Bus Station,Yes,Yes
1000053203,Bristol Bus Station,Bus Station Bay 19,Bus Station,Yes,Yes
1000053222,Bristol Bus Station,Bus Station Bay 2,Bus Station,Yes,Yes
1000053221,Bristol Bus Station,Bus Station Bay 3,Bus Station,Yes,Yes
1000053220,Bristol Bus Station,Bus Station Bay 4,Bus Station,Yes,Yes
1000053219,Bristol Bus Station,Bus Station Bay 5,Bus Station,Yes,Yes
1000053218,Bristol Bus Station,Bus Station Bay 6,Bus Station,Yes,Yes
1000053217,Bristol Bus Station,Bus Station Bay 7,Bus Station,Yes,Yes
1000053216,Bristol Bus Station,Bus Station Bay 8,Bus Station,Yes,Yes
1000053214,Bristol Bus Station,Bus Station Bay 9,Bus Station,Yes,Yes
0100BRA01797,Broadmead,Cabot Circus A,,,
0100BRP90363,Broadmead,Cabot Circus B,Pole,No,Yes
0100BRA01798,Broadmead,Cabot Circus C,Lamp Post,No,Yes
0100BRA10266,Hengrove,Cadogan Road,Pole,No,Yes
0100BRA10267,Hengrove,Cadogan Road,Lamp Post,,No
0100BRA46645,Hengrove,Cadogan Road,Pole,No,No
0100BRA10927,Brislington,Callington Road,Pole,No,
0100BRA10928,Brislington,Callington Road,Lamp Post,,No
0100BRZ01692,Windmill Hill,Cambridge Street,,No,No
0100BRA46657,Southville (Bristol),Camden Road,Pole,No,No
0100BRA46658,Southville (Bristol),Camden Road,Pole,No,No
0100BRP90124,Lockleaze,Cameron Walk,Pole,No,No
0100BRP90125,Lockleaze,Cameron Walk,Pole,No,No
100053296,Westbury on Trym,Canford Cemetery,,,No
100053297,Westbury on Trym,Canford Cemetery,,,No
100053295,Westbury on Trym,Canford Park,Pole,No,No
0100BRA10112,Bedminster,Cannon Street,Pole,No,No
0100BRA56580,Tyndall's Park,Cantock's Close,Pole,No,No
0100BRA10326,Inn's Court,Carisbrooke Road,Shelter,,No
0100BRA10327,Inn's Court,Carisbrooke Road,Pole,No,Yes
10000001,Fishponds,Cassell Road,Shelter,Yes,Yes
0100BRA10035,Bedminster,Catherine Mead St,Pole,No,No
0100BRA10036,Bedminster,Catherine Mead St,Pole,No,No
0100BRA10318,Lower Knowle,Cavan Walk,Pole,No,No
0100BRA10319,Lower Knowle,Cavan Walk,Pole,No,No
0100BRA10620,Sea Mills,Cedar Park,Pole,No,No
0100BRA10621,Sea Mills,Cedar Park,Pole,No,No
0100BRP91109,Southmead,Chakeshill Drive,Pole,No,No
0100BRA10558,Fishponds,Channons Hill (a),Pole,No,No
0100BRP90179,Fishponds,Channons Hill (b),Shelter,,No
0100BRP90202,Fishponds,Channons Hill (c),Shelter,,No
0100BRP90178,Fishponds,Channon's Hill (d),Lamp Post,No,No
0100BRP92042,Redland,Chapel Green Lane,Pole,No,
0100BRP92047,Redland,Chapel Green Lane,Pole,No,
0100BRA10579,Lawrence Weston,Chapel Lane,Shelter,,No
0100BRA10580,Lawrence Weston,Chapel Lane,Shelter,,No
0100BRA10207,St Anne's Park,Chapel Way,Pole,,No
0100BRA10208,St Anne's Park,Chapel Way,Shelter,,No
0100BRP91113,Southmead,Charfield Road,Pole,,No
0100BRP91114,Southmead,Charfield Road,Pole,,Yes
0100BRP91093,Southmead,Charlton Rd Junct,Shelter,Yes,Yes
0100BRP91094,Brentry,Charlton Rd Junct,Shelter,Yes,Yes
0100BRA10511,Two Mile Hill,Charlton Road,Pole,No,No
0100BRA10512,Two Mile Hill,Charlton Road,Shelter,,No
0170BRP91111,Southmead,Charlton Road,Shelter,Yes,No
0170BRP91110,Southmead,Charlton Road,Pole,No,No
0100BRA10248,Whitchurch,Charnwood Road,Pole,No,Yes
0100BRA10249,Whitchurch,Charnwood Road,Shelter,,Yes
0100BRA10081,Bedminster Down,Cheddar Grove,Pole,No,No
0100BRA10082,Bedminster Down,Cheddar Grove,Shelter,,No
0100BRA10154,Inn's Court,Chelston Road,Pole,No,Yes
0100BRA10156,Inn's Court,Chelston Road,Pole,No,Yes
0100BRP92008,Henleaze,Cherington Road,Pole,No,No
0100BRP92009,Henleaze,Cherington Road,Pole,No,No
0100BRP92006,Henleaze,Cheriton Place,Pole,No,No
0100BRP92007,Henleaze,Cheriton Place,Pole,No,No
0100BRA10076,Bedminster,Chessel Street,Shelter,,No
0100BRA10823,Eastville,Chester Street,Pole,No,No
0100BRP90212,Eastville,Chester Street,Pole,No,No
0100BRZ00694,Avonmouth,Chittening Road,,,
1000053276,Avonmouth,Chittening Road,,,
0100BRP91006,Clifton,Christ Church (a),Shelter,,No
0100BRP91008,Clifton,Christ Church (b),Shelter,,No
0100BRA10627,Stoke Bishop,Church Avenue,Shelter,,No
0100BRA10628,Stoke Bishop,Church Avenue,Shelter,,No
0100BRA10246,Whitchurch,Church Lane,Pole,No,Yes
0100BRA10247,Whitchurch,Church Lane,Shelter,,Yes
0100BRA10926,Brislington,Church Parade,Lamp Post,No,No
0100BRA10090,Bishopsworth,Church Road,Pole,No,Yes
0100BRA10091,Bishopsworth,Church Road,Pole,No,No
0100BRC53408,Horfield,Church Road,Pole,No,No
0100BRP92074,Horfield Common,Church Road,Pole,No,No
0100BRA10218,Barton Hill,Church Street,Shelter,,No
0100BRA10219,Barton Hill,Church Street,Pole,No,No
100053300,Westbury on Trym,Churchill Drive,,,No
100053301,Westbury on Trym,Churchill Drive,,,No
0100BRP90033,Horfield Common,Churchways Ave (a),Pole,No,Yes
0100BRP90145,Horfield,Churchways Ave (b),Pole,No,Yes
0100BRP90032,Horfield Common,Churchways Ave (c),Shelter,,Yes
100053345,Bower Ashton,Clanage Road,Shelter,,No
100053346,Bower Ashton,Clanage Road,Shelter,,No
100053257,Redland,Clare Avenue (a),Pole,No,No
100053258,Redland,Clare Avenue (b),Pole,No,No
0100BRP92010,Redland,Clare Avenue (c),Pole,No,No
0100BRA10757,Redcliffe,Somerset Street,Shelter,,Yes
0100BRA10758,Redcliffe,Somerset Street,Shelter,,Yes
0100BRA10756,Redcliffe,Ship Lane,Pole,No,No
0100BRA10755,Redcliffe,Ship Lane,Pole,No,No
0100BRA10264,Hengrove,Clatworthy Drive,Pole,No,Yes
0100BRA10265,Hengrove,Clatworthy Drive,Shelter,,Yes
0100BRA56570,Ashton Gate,Clift Road,Pole,No,No
0100BRP90982,Clifton Down,Clifton Dn Stn (ww),Shelter,,No
0100BRP90983,Clifton Down,Clifton Dn Stn (wx),Shelter,,No
0100BRP90990,Clifton Down,Clifton Dn Stn (wy),Shelter,,No
0100BRP90991,Clifton Down,Clifton Dn Stn (wz),Shelter,,No
0100BRZ00678,Clifton,Clifton High School,,,
0100BRZ01707,Clifton,Clifton High School,,,
0100BRA16906,Clifton,Clifton Park,Pole,No,No
0100BRA16907,Clifton,Clifton Park,Pole,No,No
0100BRA10074,Bedminster,Clifton Street,Pole,No,No
0100BRP91004,Clifton,Clifton Village,Shelter,,No
0100BRP91005,Clifton,Clifton Village,Shelter,,No
0100BRA10342,Hengrove,Clive Road,Pole,No,Yes
0100BRA10354,Hengrove,Clive Road,Lamp Post,,Yes
0100BRA10491,St George,Clouds Hill Avenue,Pole,No,Yes
0100BRA10682,Shirehampton,Coaley Road,,,No
0100BRA10683,Shirehampton,Coaley Road,,,No
0100BRP90328,Bristol City Centre,College Green (pe),Shelter,,No
0100BRP90327,Bristol City Centre,College Green (ph),Shelter,,Yes
0100BRA10559,Fishponds,College Road,Pole,No,No
0100BRA10560,Fishponds,College Road,Pole,No,No
0100BRP91024,Clifton,College Road,Pole,No,No
0100BRA10199,Brislington,Collin Road,Pole,No,No
0100BRA10200,Brislington,Collin Road,Pole,No,No
0100BRP90012,Montpelier,Colston Girls Sch,Shelter,,Yes
0100BRP90013,Montpelier,Colston Girls Sch,Shelter,,Yes
0100BRA56552,Bristol City Centre,Colston Street (dj),,,No
0100BRX43055,Southmead,Comb Paddock,,,
0100BRA10429,Broom Hill,Condover Road,,,
0100BRA10656,Coombe Dingle,Coombe Dale,,,
0100BRA10655,Coombe Dingle,Coombe Dale,,,
0100BRC53350,Coombe Dingle,Coombe Lane,Pole,No,No
0100BRC53351,Coombe Dingle,Coombe Lane,Pole,No,No
0100BRA46655,Southville (Bristol,Coronation Road,Pole,No,No
0100BRA46656,Southville (Bristol),Coronation Road,Pole,No,No
0100BRA10862,Hillfields,Cossham Hospital,,,No
0100BRA10863,Hillfields,Cossham Hospital,,,No
0100BRP92015,Cotham,Cotham Hill (a),Pole,No,No
0100BRP92016,Cotham,Cotham Hill (b),Pole,No,No
0100BRP92017,Cotham,Cotham Hill (c),,,
100053252,Cotham,Cotham Park,Pole,No,No
0100BRP92014,Cotham,Cotham Park,Pole,No,No
0100BRP92018,Cotham,Cotham Side,Pole,No,No
0100BRP92019,Cotham,Cotham Side,Pole,No,No
0100BRZ01672,Bedminster,Cotswold Road,,,
0100BRZ01673,Bedminster,Cotswold Road,,,
100053261,Bishopston,Cranbrook Road,Shelter,,No
0100BRA10119,Headley Park,Crantock Avenue,Pole,No,No
0100BRA10120,Headley Park,Crantock Avenue,Pole,No,No
0100BRA10502,Crofts End,Crofts End (a),Shelter,,No
0100BRA10503,Crofts End,Crofts End (b),Pole,No,No
0100BRA10504,Crofts End,Crofts End (c),Pole,No,No
0100BRP90085,Bishopston,Cromwell Rd Arches (b),Shelter,,No
0100BRP90086,Bishopston,Cromwell Rd Arches (a),Pole,No,No
0100BRP90200,Fishponds,Cross Hands (a),Shelter,,No
0100BRC53382,Fishponds,Cross Hands (b),Pole,No,No
0100BRP90191,Fishponds,Cross Hands (c),Pole,No,No
0100BRA10106,Hartcliffe,Crosscombe Drive,Shelter,,No
0100BRA10107,Hartcliffe,Crosscombe Drive,Pole,No,Yes
0100BRP91055,Henbury,Crow Lane Lay-by,Shelter,,Yes
0100BRP91057,Henbury,Crow Lane Lay-by,Shelter,,No
0100BRA46649,Lawrence Hill (Bristol),Croydon Street (a),Shelter,,Yes
0100BRA46651,Lawrence Hill (Bristol,Croydon Street (b),Shelter,,Yes
0100BRA16924,Lawrence Hill,Croydon Street (c),Shelter,,No
100053239,Harbour,Cumberland Road,Pole,No,No
0100BRA10752,Harbour,Cumberland Road,Pole,No,No
0100BRA10069,Bedminster,Dalby Avenue (a),Shelter,,No
0100BRA10070,Bedminster,Dalby Avenue (b),Shelter,,Yes
0100BRA10513,Two Mile Hill,Dalkeith Avenue,Pole,No,No
0100BRA10514,Two Mile Hill,Dalkeith Avenue,Pole,No,No
0100BRA10371,Highridge,Dancey Mead,Pole,No,No
0100BRA10372,Highridge,Dancey Mead,Pole,No,Yes
100053321,Highridge,Dangerfield Avenue,Lamp Post,No,No
0100BRA10375,Highridge,Dangerfield Avenue,Pole,No,No
0100BRP90143,Horfield Common,Muller Road Top (d),Shelter,,No
0100BRA10419,Stockwood,David's Road,,,No
0100BRA56555,The Dings,Day's Road,Pole,No,No
0100BRA56556,The Dings,Day's Road,Pole,No,No
0100BRA10576,Lawrence Weston,De Clifford Road,Pole,No,No
0100BRA10577,Lawrence Weston,De Clifford Road,Shelter,,No
0100BRA10041,Southville,Dean Lane,Pole,No,No
0100BRA10042,Southville,Dean Lane,Pole,No,No
0100BRA10033,Bedminster,Dean Street,Pole,No,No
0100BRA10034,Bedminster,Dean Street,Pole,No,No
0100BRP90090,St Pauls,Denbigh Street,Pole,No,No
0100BRP90091,St Pauls,Denbigh Street,Pole,No,No
0100BRA10280,Whitchurch,Denleigh Close,Pole,No,No
0100BRA10818,Whitehall,Devon Rd Bruce Rd,,,No
0100BRA10819,Whitehall,Devon Rd Bruce Rd,,,No
0100BRA10494,Whitehall,Devon Road,Pole,No,No
0100BRA10495,Whitehall,Devon Road,Shelter,,No
0100BRP92000,Southmead,Doncaster Road,Pole,No,Yes
0100BRA10320,Lower Knowle,Donegal Road,Shelter,,No
0100BRA10321,Lower Knowle,Donegal Road,Pole,No,No
0100BRP90059,Horfield,Dorchester Road,Pole,No,Yes
0100BRP90060,Horfield,Dorchester Road,Shelter,,Yes
0100BRA56546,Horfield,Dorian Road,,,No
0100BRA56547,Horfield,Dorian Road,,,No
0100BRP90111,Eastville,Dormer Road,Pole,No,No
0100BRP92065,Henleaze,Dorset Road,Shelter,,Yes
0100BRP92066,Henleaze,Dorset Road,Shelter,,No
0100BRP90138,Lockleaze,Dovercourt Road,Pole,No,No
0100BRP90140,Lockleaze,Dovercourt Road,Pole,No,No
0100BRP90141,Horfield,Downend Road (a),Pole,No,No
0100BRP90068,Horfield,Downend Road (b),Pole,No,No
0100BRP90067,Horfield,Downend Road (c),Pole,No,No
0100BRP90066,Horfield,Downend Road (d),Pole,No,No
0100BRP91019,Clifton,Downfield Road,Pole,No,No
0100BRP91020,Clifton,Downfield Road,Pole,No,No
0100BRA10634,Sneyd Park,Downleaze,Pole,No,No
0100BRA46653,Sneyd Park,Downleaze,Pole,No,No
0100BRA56549,Westbury on Trym,Downs Cote Avenue,,,
0100BRA56550,Westbury on Trym,Downs Cote Avenue,,,
0100BRC53349,Westbury on Trym,Downs Road,,,
0100BRA10771,Hotwells,Dowry Square,Shelter,,Yes
0100BRA10622,Stoke Bishop,Druid Hill Top,Shelter,,No
0100BRA10623,Stoke Bishop,Druid Hill Top,Pole,No,No
0100BRA10536,Speedwell,Duncombe Lane,Shelter,,No
0100BRA10535,Speedwell,Duncombe Lane,Pole,No,No
0100BRZ01676,Windmill Hill,Dunford Road,,,
0100BRZ01677,Windmill Hill,Dunford Road,,,
0100BRZ01670,Windmill Hill,Dunkerry Road,,,
0100BRZ01671,Windmill Hill,Dunkerry Road,,,
0100BRA10332,Filwood Park,Dunster Road,Pole,No,Yes
0100BRA10333,Filwood Park,Dunster Road,Pole,No,Yes
0100BRP91027,Westbury Park,Durdham Park,Shelter,,No
0100BRP91028,Westbury Park,Durdham Park,Shelter,,No
0100BRA10059,Ashton Gate,Durnford Street,Shelter,,No
0100BRZ00699,Ashton Gate,Durnford Street,Pole,No,No
0100BRA10693,Shirehampton,Dursley Rd Terminus,,,No
0100BRA10680,Shirehampton,Dursley Road,,,No
0100BRA10681,Shirehampton,Dursley Road,,,No
0100BRA10193,Brislington,Eagle Road,Shelter,Yes,Yes
0100BRA10930,Brislington,Eagle Road,Shelter,Yes,Yes
100053318,Whitchurch,East Dundry Road,,,
100053319,Whitchurch,East Dundry Road,,,
0100BRP90211,Eastville,East Park,Shelter,,No
0100BRA10073,Bedminster,East Street (c),Shelter,,Yes
0100BRA10561,Fishponds,Eastbury Road,Pole,No,No
0100BRA10562,Fishponds,Eastbury Road,Pole,No,No
0100BRA10250,Whitchurch,Eastcote Park,Pole,No,Yes
0100BRA10251,Whitchurch,Eastcote Park,Pole,No,Yes
0100BRA46639,Eastville (Bristol),Eastgate Centre (a),Shelter,,No
0100BRP90103,Eastville,Eastgate Centre (b),Shelter,,No
0100BRP90104,Eastville,Eastgate Centre (c),Shelter,,No
0100BRP90106,Eastville,Eastgate Centre (d),Shelter,,No
0100BRP90101,Eastville,Eastgate Road,Shelter,,No
0100BRP90102,Eastville,Eastgate Road,Pole,No,No
0100BRC53355,Lockleaze,Eastlake Close,,,
0100BRA10225,Easton,Easton Road,Shelter,,Yes
0100BRA46648,Easton,Easton Road,Shelter,,Yes
0100BRC53385,Eastville,Eastville Park (a),Shelter,Yes,Yes
0100BRC53384,Eastville,Eastville Park (b),Pole,No,No
0100BRP90173,Eastville,Eastville Park (c),Shelter,Yes,Yes
0100BRP90208,Eastville,Eastville Park (d),Pole,No,No
0100BRC53383,Eastville,Eastville Park (b),Shelter,,No
0100BRP90056,Horfield,Eden Grove,Shelter,,Yes
0100BRA10240,Whitchurch,Edgefield Road,Pole,No,Yes
0100BRA10241,Whitchurch,Edgefield Road,Pole,No,Yes
0100BRA10458,Redfield,Edward Street,Shelter,,Yes
0100BRA10459,Redfield,Edward Street,Shelter,,Yes
0100BRA10668,Shirehampton,Elberton Road,Pole,No,No
0100BRA10669,Shirehampton,Elberton Road,Pole,No,No
0100BRP90114,Horfield,Elmcroft Crecsent,Shelter,,No
0100BRP90112,Horfield,Elmcroft Crescent,Shelter,,No
0100BRP90136,Lockleaze,Elmore Road,Pole,No,No
0100BRP90137,Lockleaze,Elmore Road,Pole,No,No
0100BRP92022,Tyndall's Park,Elton Road,Pole,No,No
0100BRP92023,Tyndall's Park,Elton Road,Pole,No,No
0100BRA10500,Whitehall,Embassy Road,Pole,No,No
0100BRA10501,Whitehall,Embassy Road,Shelter,,No
0100BRA10724,Shirehampton,Ermine Way,,,No
0100BRA10725,Shirehampton,Ermine Way,,,No
0100BRP92048,Redland,Ermleet Road,Pole,No,No
0100BRP92049,Redland,Ermleet Road,Shelter,,No
0100BRP90184,Oldbury Court,Ettricke Drive,Pole,No,No
0100BRP90188,Oldbury Court,Ettricke Drive,Shelter,,No
0100BRA10104,Hartcliffe,Fair Furlong,Pole,No,No
0100BRA10105,Hartcliffe,Fair Furlong,Shelter,,No
100053304,Westbury on Trym,Falcondale Road (a),,,
100053303,Westbury on Trym,Falcondale Road (a),,,
0100BRP91075,Westbury on Trym,Falcondale Road (b),,,No
0100BRA10647,Avonmouth,Farr Street,Shelter,,No
0100BRA10648,Avonmouth,Farr Street,Pole,No,No
0100BRA56568,St Anne's,Feeder Road,,,
0100BRA56569,St Anne's,Feeder Road,,,
0100BRA10431,Broom Hill,Fermaine Avenue,Shelter,,No
0100BRA10451,Broom Hill,Fermaine Avenue,Pole,No,No
0100BRP90064,Horfield,Filton Avenue (a),Shelter,,Yes
0100BRP90146,Horfield,Filton Avenue (b),Pole,No,Yes
0100BRP90142,Horfield,Filton Avenue (c),Pole,No,No
0100BRP90065,Horfield,Filton Avenue (d),Pole,No,No
0100BRP90039,Horfield,Filton Road,Shelter,,Yes
0100BRP90040,Horfield,Filton Road,Shelter,,Yes
0100BRA10328,Filwood Park,Filwood Broadway,Pole,No,Yes
0100BRA10329,Inn's Court,Filwood Broadway,Shelter,,No
0100BRA10201,St Anne's Park,First Avenue,Pole,No,No
0100BRA10202,St Anne's Park,First Avenue,Pole,No,No
0100BRA10571,Frenchay,Five Acre Drive,Pole,No,Yes
0100BRP90671,Broomhill,Five Acre Drive,Shelter,,Yes
0100BRA10190,Brislington,Flowers Hill,Shelter,Yes,Yes
0100BRA10191,Brislington,Flowers Hill,Shelter,Yes,Yes
0100BRA10531,Fishponds,Forest Road,Shelter,,No
0100BRA10532,Fishponds,Forest Road,Shelter,,No
0100BRA10260,Hengrove,Fortfield Road,Pole,No,Yes
0100BRA10261,Hengrove,Fortfield Road,Shelter,,Yes
0100BRC53406,Hengrove,Fossedale Avenue,,,
0100BRC53407,Hengrove,Fossedale Avenue,,,
0100BRA10021,Ashton Gate,Frayne Road,Pole,,No
0100BRA10022,Ashton Gate,Frayne Road,Pole,,No
0100BRP90677,Broomhill,Frenchay Park Road,Pole,,Yes
0100BRP90678,Broomhill,Frenchay Park Road,Pole,,Yes
0100BRC53380,Frenchay,Froomshaw Road,,,
0100BRC53381,Frenchay,Froomshaw Road,,,
0100BRA10149,Hartcliffe,Fulford Road,Pole,,Yes
0100BRA10150,Hartcliffe,Fulford Road,Shelter,,Yes
0100BRA10478,St George,Furber Road,Pole,,No
0100BRP90129,Lockleaze,Gainsborough Sq (a),Pole,,No
0100BRP90128,Lockleaze,Gainsborough Sq (b),Pole,,No
0100BRP90127,Lockleaze,Gainsborough Sq (c),Shelter,,No
100053240,Harbour,Gaol Ferry Bridge,Pole,,No
100053241,Harbour,Gaol Ferry Bridge,,,No
100053233,Canon's Marsh,Gasferry Road,Pole,,Yes
100053234,Canon's Marsh,Gasferry Road,Pole,,Yes
0100BRA10129,Hartcliffe,Gatcombe Road,Shelter,,Yes
0100BRA10130,Hartcliffe,Gatcombe Road,Pole,,No
0100BRA10754,Redcliffe,General Hospital,Pole,,No
0100BRA10753,Redcliffe,General Hospital,Pole,,No
0100BRA10460,Redfield,Gilbert Road,Shelter,,Yes
0100BAC30946,Whitchurch,Gilda Parade,Pole,,Yes
0100BRA10352,Whitchurch,Gilda Parade,Pole,,Yes
0100BRA10254,Whitchurch,Gilda Square West,Shelter,,Yes
0100BRA10255,Whitchurch,Gilda Square West,Pole,,Yes
0100BRA10467,St George,Glebe Road,Pole,,No
0100BRA10485,St George,Glen Park,Shelter,,Yes
0100BRA10486,St George,Glen Park,Pole,,Yes
0100BRP90171,Eastville,Glen Park,Shelter,,Yes
0100BRP90210,Eastville,Glen Park,Shelter,,Yes
0100BRP90224,Stapleton,Glenfrome Road,Shelter,,No
0100BRP90227,Stapleton,Glenfrome Road,Shelter,N/A,No
0100BRA10872,Fishponds,Goodneston Road,,,No
0100BRA10873,Fishponds,Goodneston Road,,,No
0100BRA10498,Whitehall,Gordon Road,Shelter,,No
0100BRA10499,Whitehall,Gordon Road,Pole,,No
0100BRP91083,Southmead,Gosforth Road,Shelter,,Yes
0100BRP91084,Southmead,Gosforth Road,Pole,,Yes
0100BRP91036,Stoke Bishop,Grange Court Road,,,
0100BRA10479,Two Mile Hill,Grantham Road,Shelter,,Yes
0100BRA10480,Two Mile Hill,Grantham Road,Shelter,,Yes
0100BRP91078,Southmead,Grasmere Close,Pole,,Yes
0100BRP91080,Southmead,Grasmere Close,Pole,,No
0100BRA56566,Whitchurch,Grass Meers Drive,,,
0100BRA56567,Whitchurch,Grass Meers Drive,,,
0100BRP92056,Southmead,Greenfield Road,Shelter,,Yes
0100BRP92057,Southmead,Greenfield Road,Lamp Post,,No
0100BRA10172,Knowle,Greenleaze,Pole,,Yes
0100BRA10171,Knowle,Greenleaze,Shelter,,Yes
0100BRA10340,Knowle,Greenmore Road (b),Shelter,,Yes
0100BRA10355,Knowle,Greenmore Road (a),Shelter,,Yes
100053339,Ashton Gate,Greenway Bush Lane,Pole,,No
0100BRA10023,Ashton Gate,Greenway Bush Lane,Shelter,,No
0100BRA10167,Knowle,Greenwood Road,Shelter,,Yes
0100BRA10168,Knowle,Greenwood Road,Pole,,Yes
0100BRA10055,Bedminster,Greville Road,Shelter,,No
0100BRZ00698,Bedminster,Greville Road,Pole,,No
0100BRA10031,Southville,Greville Street,Pole,,No
0100BRA10032,Southville,Greville Street,Shelter,,No
0100BRP91087,Southmead,Greystoke Avenue,Pole,,No
0100BRP91088,Southmead,Greystoke Avenue,Pole,,No
0100BRA10836,Coombe Dingle,Grove Road,,,No
0100BRA10837,Coombe Dingle,Grove Road,,,No
0100BRP92043,Redland,Grove Road,Lamp Post,,No
0100BRP92044,Redland,Grove Road,Lamp Post,,No
0100BRA10432,Broom Hill,Guernsey Avenue,Shelter,,No
0100BRP91021,Clifton,Guthrie Road,Pole,,No
0100BRP91022,Clifton,Guthrie Road,Pole,,No
0100BRA10714,Sea Mills,Hadrian Close,,,
0100BRA10666,Shirehampton,Haig Close,Pole,,No
0100BRA10667,Shirehampton,Haig Close,Pole,,No
100053291,Henbury,Hallen Road,Pole,,No
0100BRP92013,Westbury Park,Halsbury Road,,,No
0100BRP92069,Redland,Halsbury Road,Pole,,No
0100BRA10026,Southville,Hamilton Road,Pole,,No
0100BRA10027,Southville,Hamilton Road,Pole,,No
0100BRA10897,Arno's Vale,Hampstead Road,,,No
0100BRA10898,Arno's Vale,Hampstead Road,Pole,,No
0100BRA10474,St George,Harcourt Avenue,Pole,,No
0100BRA10475,St George,Harcourt Avenue,Shelter,,Yes
100053255,Redland,Harcourt Hill,Pole,,No
100053256,Redland,Harcourt Hill,Pole,,No
0100BRA10127,Hartcliffe,Hareclive Road,Shelter,,Yes
0100BRA10128,Hartcliffe,Hareclive Road,Shelter,,Yes
0100BRA10507,Speedwell,Harewood Road,Shelter,,No
0100BRA10508,Speedwell,Harewood Road,Pole,,No
0100BRA10148,Hartcliffe,Hartcliffe Col (a),Pole,,No
0100BRA10147,Hartcliffe,Hartcliffe Col (b),Shelter,,Yes
0100BRA10135,Hartcliffe,Hartcliffe Col (c),Pole,,No
0100BRA10136,Hartcliffe,Hartcliffe Col (d),Shelter,,Yes
0100BRP90025,Bishopston,Hatherley Road,Shelter,,Yes
0100BRP90026,Bishopston,Hatherley Road,Pole,,Yes
0100BRP90120,Lockleaze,Haydon Gardens,Pole,,No
0100BRP90121,Lockleaze,Haydon Gardens,Shelter,,No
0100BRA10421,Stockwood,Hazelbury Road (a),,,No
0100BRA10423,Brislington,Hazelbury Road (b),,,No
0100BRC53403,Bedminster,Headley Lane,Lamp Post,,No
0100BRC53404,Bedminster,Headley Lane,Shelter,,No
0100BRA10121,Headley Park,Headley Park Avenue,Shelter,,No
0100BRA10122,Headley Park,Headley Park Avenue,Pole,,No
0100BRP90107,Eastville,Heath Road (a),Pole,,No
0100BRP90105,Eastville,Heath Road (b),Shelter,,No
0100BRA10528,Fishponds,Heathcote Road,Pole,,No
0100BRA10281,Whitchurch,Heathfield Crescent,Pole,,No
0100BRA10282,Whitchurch,Heathfield Crescent,Shelter,,No
0100BRA10457,Redfield,Heber Street,Shelter,,Yes
0100BRP91073,Henbury,Coombe Way,,,No
0100BRP91074,Henbury,Coombe Way,Pole,,No
0100BRP91045,Westbury on Trym,Henbury Road,Pole,,No
0100BRP91046,Westbury on Trym,Henbury Road,Pole,,No
0100BRP91076,Westbury on Trym,Falcondale Road,Pole,,No
0100BRA10047,Ashton Vale,Hendre Road,Pole,,No
0100BRA10014,Ashton Vale,Hendre Road,,,
0100FBX18339,Hengrove,Hengrove Depot,Lamp Post,No,No
0100FBX18342,Hengrove,Hengrove Depot,Pole,No,No
0100FBX18336,Hengrove,Hengrove Leisure Park,Pole,No,Yes
0100FBX18337,Hengrove,Hengrove Leisure Park,Pole,No,Yes
0100BRA10760,Knowle,Hengrove Road,,,No
0100BRA10761,Knowle,Hengrove Road,,,No
0100BRP91032,Stoke Bishop,Henleaze Gardens,Shelter,,No
0100BRP91033,Stoke Bishop,Henleaze Gardens,Shelter,,No
0100BRP92032,Henleaze,Henleaze Park Drive,Pole,,No
0100BRP92025,Henleaze,Henleaze Road,Pole,,No
0100BRP92026,Henleaze,Henleaze Road,Pole,,No
0100BRP92029,Henleaze,Henley Grove,Shelter,,No
0100BRP92033,Henleaze,Henley Grove,Shelter,,No
0100BRA10238,Whitchurch,Hennessy Close,Pole,,Yes
0100BRA10239,Whitchurch,Hennessy Close,Lamp Post,,Yes
0100BAC30684,Brislington,Hicks Gate,Shelter,,No
0100BAC30685,Brislington,Hicks Gate,Pole,,No
0100BRA10608,Sea Mills,High Grove,Shelter,,No
0100BRA10114,Bedminster Down,Highbury Road,Shelter,,No
0100BRA10115,Bedminster Down,Highbury Road,Shelter,,No
0100BRA10337,Totterdown,Highgrove Street,Shelter,,No
0100BRA10358,Totterdown,Highgrove Street,Shelter,,Yes
0100BRA10092,Highridge,Highridge Green,Pole,,Yes
0100BRA10093,Highridge,Highridge Green,Shelter,,Yes
0100BRA46642,Highridge (Bristol),Highridge Green (c),,,
0100BRA10374,Highridge,Highridge Road,Lamp Post,,No
0100BRA10874,Fishponds,Hockeys Lane,,,No
0100BRA56557,Fishponds,Hockeys Lane,Pole,N/A,No
0100BRA10244,Whitchurch,Holbeach Way,Pole,,Yes
0100BRA10245,Whitchurch,Holbeach Way,Pole,,Yes
0100BRA10139,Hartcliffe,Hollisters Drive,Shelter,,No
0100BRA10140,Hartcliffe,Hollisters Drive,Pole,,No
0100BRA10394,Stockwood,Hollway Road Shops,Pole,,No
0100BRA10404,Whitchurch,Hollway Road Shops,Shelter,,No
0100BRA10624,Stoke Bishop,Hollybush Lane,Pole,,No
0100BRZ01685,Windmill Hill,Holmesdale Road,,,
0100BRZ01686,Windmill Hill,Holmesdale Road,,,
0100BRA10407,Whitchurch,Hooper Road,Pole,,No
0100BRA10408,Whitchurch,Hooper Road,Shelter,,No
0100BRP90149,Lockleaze,Horfield Health Centre,Pole,,No
0100BRA10831,Horfield,Horfield Health Centre,Pole,,No
0100BRP90270,Kingsdown,Horfield Road,Pole,,No
0100BRP90269,Kingsdown,Horfield Road,Pole,,No
0100BRP90037,Horfield,Horfield Sports Cen,Shelter,,No
0100BRP90038,Horfield,Horfield Sports Cen,Shelter,,No
0100BRA10774,Hotwells,Hotwell Road (a),Shelter,Yes,Yes
0100BRA10775,Hotwells,Hotwell Road (b),Pole,No,Yes
0100BRA56551,Hotwells,Hotwell Road (c),,,
0100BRA10773,Hotwells,Hotwells,Shelter,,No
0100BRP92035,Westbury Park,Howard Road,,,
0100BRA10678,Shirehampton,Hung Road,Pole,,No
0100BRA10679,Shirehampton,Hung Road,Pole,,No
0100BRA10181,Brislington,Hungerford Crescent,Pole,,No
0100BRA10182,Brislington,Hungerford Crescent,Pole,,No
0100BRA10183,Brislington,Hungerford Gardens,Pole,,No
0100BRA10184,Brislington,Hungerford Gardens,Shelter,,No
0100BRA10157,Inn's Court,Hurston Road,Pole,,Yes
0100BRA10158,Inn's Court,Hurston Road,Pole,,Yes
0100BRP90175,Eastville,Huyton Road,Shelter,Yes,Yes
0100BRP90206,Eastville,Huyton Road,Shelter,Yes,Yes
100053262,Eastville,Ikea Car Park,,,
100053328,Bedminster Down,Ilchester Cres (a),Pole,,No
100053329,Bedminster Down,Ilchester Cres (b),Pole,,No
100053330,Bedminster Down,Ilchester Cres (c),Pole,,No
100053331,Bedminster Down,Ilchester Cres (d),Pole,,No
0100BRA10334,Filwood Park,Ilminster Avenue,Pole,,Yes
0100BRA10335,Filwood Park,Ilminster Avenue,Pole,,Yes
0100BRA56572,Hartcliffe,Imperial Park,Shelter,Yes,Yes
0100BRA56573,Hartcliffe,Imperial Park,Shelter,Yes,Yes
0100BRP90108,Eastville,Ingmire Road,Pole,,No
0100BRP90109,Eastville,Ingmire Road,Pole,,No
0100BRA10324,Inn's Court,Inns Court Grn (a),Pole,,No
0100BRA10325,Inn's Court,Inns Court Grn (b),Shelter,,No
0100BRA10735,Avonmouth,Int. Trading Estate,,,
0100BRC53368,Brislington,Ironmould Lane,,,
0100BRA10029,Southville,Islington Road,Pole,,No
0100BRA10030,Southville,Islington Road,Pole,,No
0100BRA10776,Canon's Marsh,Jacob's Wells Road,Pole,,No
0100BRA10777,Canon's Marsh,Jacob's Wells Road,,,No
0100BRP91089,Southmead,Jarratts Road,Pole,,Yes
0100BRP91090,Southmead,Jarratts Road,Pole,,No
0100BRA10924,Brislington,Jean Road,Pole,,No
0100BRA10925,Brislington,Jean Road,,,No
0100BRA10917,Broom Hill,Jersey Avenue,Pole,,No
0100BRA10918,Broom Hill,Jersey Avenue,Pole,,No
0100BRA10893,Knowle,Jubilee Road,Pole,,No
0100BRA10894,Knowle,Jubilee Road,,,
0100BRP92075,Horfield Common,Kellaway Crescent,Shelter,,No
0100BRP92076,Horfield Common,Kellaway Crescent,Shelter,,No
0100BRP90074,Ashley Down,Kennington Avenue,Pole,,No
0100BRP90075,Ashley Down,Kennington Avenue,Shelter,,No
0100BRZ01683,Windmill Hill,Kensal Road,,,
0100BRZ01684,Windmill Hill,Kensal Road,,,
100053259,Redland,Kersteman Road,Pole,,No
100053260,Redland,Kersteman Road,Pole,,Yes
0100BRA10814,Easton,Kilburn Street,,,No
0100BRA10815,Easton,Kilburn Street,,,No
0100BRP90675,Broomhill,Kingfisher Drive,,,
0100SGY38500,Broomhill,Kingfisher Drive,,,
0100BRP92004,Bishopston,King's Drive,Pole,,No
0100BRP92005,Bishopston,King's Drive,Pole,,No
0100BRC53399,Bedminster Down,Kings Head Lane (a),Pole,,No
0100BRA10369,Highridge,Kings Head Lane (b),Pole,,No
0100BRA10370,Highridge,Kings Head Lane (c),Lamp Post,,No
0100BRA10593,Shirehampton,Kings Weston Avenue,Pole,,No
0100BRA10594,Shirehampton,Kings Weston Avenue,,,
100053248,Kingsdown,Kingsdown Parade,Pole,,No
100053249,Kingsdown,Kingsdown Parade,Shelter,,No
0100BRP92037,Southmead,Kingsholm Road,Shelter,,No
0100BRP92038,Southmead,Kingsholm Road,Shelter,,No
0100BRA56560,The Dings,Kingsland Road,Pole,,No
0100BRC53394,The Dings,Kingsland Road,Pole,,No
0100BRA10879,Bishopston,Kingsley Road,,,
0100BRA10851,St George,Kingsway Newent Ave,,,
0100BRA10852,St George,Kingsway Newent Ave,,,
0100BRA10847,St George,Kingsway Shops,,,
0100BRA10848,St George,Kingsway Shops,,,
100053267,Brentry,Knole Lane,,,
0100BRP91095,Brentry,Knole Lane,,,
0100BRA10313,Lower Knowle,Knowle Health Ctr,Shelter,,No
0100BRA10945,Lower Knowle,Knowle Health Ctr,,,
0100BAC30742,Stockwood,Lacey Road,Lamp Post,,No
0100BAC30743,Stockwood,Lacey Road,,,
0100BRA10942,Sneyd Park,Ladies Mile,Lamp Post,,No
0100BRA10396,Stockwood,Ladman Road,Pole,,No
0100BRA10400,Stockwood,Ladman Road,Pole,,No
0100BRP92027,Henleaze,Lake Road,Shelter,,No
0100BRP92028,Henleaze,Lake Road,Shelter,,No
0100BRA10377,Highridge,Lakemead Grove,Pole,,No
0100BRA10378,Highridge,Lakemead Grove,,,
0100BRA10376,Highridge,Lakemead Grove Term,Shelter,,No
0100BRP90163,Old Market,Lamb Street,Shelter,,Yes
0100BRA10137,Hartcliffe,Lampton Avenue,Shelter,,Yes
0100BRA10138,Hartcliffe,Lampton Avenue,Shelter,,Yes
0100BRP90153,Lockleaze,Landseer Avenue,Shelter,,No
0100BRP90154,Lockleaze,Landseer Avenue,Pole,,No
0100BRP91091,Southmead,Lanercost Road,Shelter,,No
0100BRP91092,Southmead,Lanercost Road,Pole,,Yes
0100BRA10363,Bedminster Down,Langford Road,Shelter,,No
0100BRA10364,Bedminster Down,Langford Road,Pole,,No
0100BRA10006,Ashton Vale,Langley Crescent,Shelter,,No
0100BRA10909,St Anne's,Langton Court Road,Pole,,No
0100BRA10910,St Anne's,Langton Court Road,Pole,,No
0100BRA10812,Easton,Lawrence Hill Depot,Pole,,No
0100BRA10813,Easton,Lawrence Hill Depot,Pole,,No
0100BRA10454,Lawrence Hill,Lawrence Hl Stn (a),Shelter,,Yes
0100BRA10455,Lawrence Hill,Lawrence Hl Stn (b),Shelter,,Yes
0100BRA10456,Lawrence Hill,Lawrence Hl Stn (c),Shelter,,Yes
0100BRA10583,Lawrence Weston,Lawrence Weston Rd,Shelter,,No
0100BRA10584,Lawrence Weston,Lawrence Weston Rd,Shelter,,No
0100BRC53363,Fishponds,Ledbury Road,,,No
0100SGB20368,Fishponds,Ledbury Road,Pole,,No
100053236,Harbour,Leisure Centre,Pole,,No
0100BRA10131,Hartcliffe,Lenover Gardens,Pole,,No
0100BRA10132,Hartcliffe,Lenover Gardens,Shelter,,Yes
0100BRP90342,Broadmead,Lewins Mead (he),Shelter,,No
0100BRP90341,Broadmead,Lewins Mead (hm),Pole,,No
100053334,Bedminster,Lewis Road (a),,,No
100053335,Bedminster,Lewis Road (b),,,No
0100BRA10311,Bedminster,Littleton Road,Shelter,,No
0100BRA10312,Bedminster,Littleton Road,Pole,,No
0100BRP90061,Horfield,Lockleaze Road,Pole,,Yes
0100BRP90063,Horfield,Lockleaze Road,Shelter,,Yes
0100BRP90177,Fishponds,Lodge Causeway,Shelter,Yes,Yes
0100BRP90203,Fishponds,Lodge Causeway,Shelter,Yes,Yes
0100BRA10860,Two Mile Hill,Lodge Road,,,No
0100BRA10861,Two Mile Hill,Lodge Road,,,No
0100BRA10515,Two Mile Hill,Lodgeside Avenue,Pole,,No
0100BRA10516,Two Mile Hill,Lodgeside Avenue,Pole,,No
0100BRA10895,Knowle,Lodway Road,Pole,,
0100BRA10896,Knowle,Lodway Road,,,
0100BRC53365,Oldbury Court,Long Close,Pole,,No
0100BRP90186,Oldbury Court,Long Close,Shelter,,No
0100BRA10585,Lawrence Weston,Long Cross Lay-by,Shelter,,No
0100BRA10586,Lawrence Weston,Long Cross Lay-by,Shelter,,No
0100BRA10242,Whitchurch,Longacre Road,Pole,,Yes
0100BRA10243,Whitchurch,Longacre Road,Lamp Post,,Yes
0190SBX18338,Long Ashton,Long Ashton P&R,,,
0100BRP92039,Golden Hill,Longmead Avenue,Pole,,No
0100BRP92040,Golden Hill,Longmead Avenue,Shelter,,No
0100BRA10411,Stockwood,Longreach Grove,Pole,,No
0100BRA10412,Stockwood,Longreach Grove,Shelter,,No
0100BRA46643,Whitchurch,Longway Avenue,,,
0100BRA46644,Whitchurch,Longway Avenue,,,
0100BRA10262,Hengrove,Loxton Square,Pole,,No
0100BRA10263,Hengrove,Loxton Square,Pole,,yes
0100BRA10050,Bedminster,Luckwell Road,Pole,,Yes
0100BRA10051,Bedminster,Luckwell Road,Pole,,Yes
0100BRA10080,Bedminster Down,Lulsgate Road,Shelter,,No
0100BRP91115,Southmead,Lydney Road,Pole,,No
0100BRA10767,Bedminster,Lynton Road,,,No
0100BRA10766,Bedminster,Lynton Road,,,No
0100BRA10496,Whitehall,Lyppiat Road,Shelter,,No
0100BRA10497,Whitehall,Lyppiat Road,Pole,,No
100053293,Brentry,Lyppincourt Road,Shelter,,No
100053294,Brentry,Lyppincourt Road,Shelter,,No
0100BRA10591,Lawrence Weston,Mancroft Avenue,Shelter,,No
0100BRA10592,Lawrence Weston,Mancroft Avenue,Shelter,,No
0100BRA10415,Brislington,Manston Close,Shelter,,No
0100BRA10417,Brislington,Manston Close,Pole,,No
0100BRA10748,Harbour,Mardyke Ferry Road,,,No
0100BRA10747,Harbour,Mardyke Ferry Road,,,
0100BRA16928,Harbour,Mardyke Ferry Road (a),,,No
0100BRP91062,Henbury,Marissal Road,Shelter,,Yes
0100BRP91063,Henbury,Marissal Road,Pole,,Yes
0100BRA10751,Harbour,Maritime Museum,Lamp Post,,No
0100BRA10866,Hillfields,Market Square,Pole,,No
0100BRA10867,Hillfields,Market Square,Pole,,No
0100BRP90366,Kingsdown,Marlborough St (rm),Shelter,,No
0100BRA10470,St George,Marling Road,Pole,,No
0100BRA10471,St George,Marling Road,Shelter,,No
0100BRP91103,Brentry,Marlwood Drive,Shelter,,No
0100BRP91104,Brentry,Marlwood Drive,Shelter,,Yes
0100BRA10048,Ashton Vale,Marsh Lane,Pole,,Yes
0100BRA10049,Ashton Vale,Marsh Lane,Pole,,Yes
0100BRA10764,Bedminster,Martock Road,,,No
0100BRA10765,Bedminster,Martock Road,,,No
0100BRA10882,Henleaze,Maskelyne Road,,,No
0100BRA10883,Henleaze,Maskelyne Road,,,No
0100BRA10533,Fishponds,Mayfield Park,Pole,,No
0100BRA10534,Fishponds,Mayfield Park,Shelter,,No
0100BRA10145,Hartcliffe,Maynard Road,,,
0100BRC53396,Hartcliffe,Maynard Road,Lamp Post,,No
0100BRP90192,Fishponds,Maywood Road,Pole,,No
0100BRP90199,Fishponds,Maywood Road,Shelter,Yes,Yes
0100BRA10649,Avonmouth,Mclaren Road,Pole,,No
0100BRA10303,Windmill Hill,Mead Street,Pole,,No
0100BRA10304,Windmill Hill,Mead Street,Pole,,No
0100BRA10598,Shirehampton,Meadow Grove,Shelter,,No
0100BRA10397,Stockwood,Meardon Road,Pole,,No
0100BRA10399,Stockwood,Meardon Road,Shelter,,No
0100BRP90132,Lockleaze,Melton Crescent,Pole,,No
0100BRP90133,Lockleaze,Melton Crescent,Pole,,No
0100BRA10323,Filwood Park,Melvin Square (a),Pole,,No
0100BRA10161,Filwood Park,Melvin Square (b),Pole,,No
0100BRA10336,Filwood Park,Melvin Square (c),Pole,,Yes
0100BRA10162,Filwood Park,Melvin Square (d),Pole,,No
0100BRZ01657,Bedminster,Mendip Road,,,
0100BRZ01658,Bedminster,Mendip Road,,,
0100BRA10868,Fishponds,Mendip View Avenue,Pole,,No
0100BRA10869,Fishponds,Mendip View Avenue,,,No
0100BRA10772,Hotwells,Merchants Road,Shelter,,Yes
0100BRA10113,Bedminster,Mill Lane,Pole,,No
0100BRP92067,Southmead,Monk's Park Avenue,Pole,,Yes
0100BRP92068,Southmead,Monk's Park Avenue,Shelter,,Yes
0100BRA01799,Southmead,Monk's Park Way,Shelter,,No
0100BRA01800,Southmead,Monk's Park Way,,,
0100BRA10299,Knowle,Monmouth Street,Pole,,No
0100BRA10300,Knowle,Monmouth Street,Pole,,No
0100BRC53372,Brislington,Montrose Park,Pole,,
0100BRA10587,Lawrence Weston,Moor Grove,Pole,,No
0100BRA10588,Lawrence Weston,Moor Grove,Shelter,,No
0100BRA10413,Stockwood,Morden Walk,Pole,,No
0100BRA10414,Stockwood,Morden Walk,Shelter,,No
0100BRA10220,Barton Hill,Morley Street,Shelter,,No
0100BRA10221,Barton Hill,Morley Street,Pole,,No
0100BRP90117,Lockleaze,Morris Road,Pole,,No
0100BRP90118,Lockleaze,Morris Road,Shelter,,No
0100BRX43052,Fishponds,Morrisons Fishponds,,,
0100BRP90069,Horfield,Muller Rd Depot (a),Shelter,,No
0100BRP90070,Horfield,Muller Rd Depot (b),Shelter,,No
0100BRP90071,Horfield,Muller Rd Depot (c),Shelter,,No
0100BRP90034,Horfield,Muller Road Top (a),Shelter,,No
0100BRP90035,Horfield Common,Muller Road Top (b),Shelter,,Yes
0100BRP90036,Horfield Common,Muller Road Top (c),Shelter,,No
0100BRP90122,Lockleaze,Mulready Close,Pole,,No
0100BRP90123,Lockleaze,Mulready Close,Shelter,,No
0100BRA10578,Lawrence Weston,Musgrove Close,Pole,,No
100053250,Kingsdown,Myrtle Road,Pole,,No
0100BRP92041,Kingsdown,Myrtle Road,Pole,,No
0100BRP92011,Redland,Napier Road,Pole,,No
0100BRP92012,Redland,Napier Road,Pole,,No
0100BRA10650,Avonmouth,Napier Road,Shelter,,No
0100BRP90098,Eastville,Narroways Road (a),Pole,,No
0100BRP90110,Eastville,Narroways Road (b),Pole,,No
0100BRP90100,Eastville,Narroways Road (c),Pole,,No
0100BRA10783,Broadmead,Nelson Street (hc),Shelter,Yes,Yes
0100BRA10782,Broadmead,Nelson Street (hd),Shelter,Yes,Yes
0100BRA10211,Redfield,Netham Road,Pole,,No
0100BRA10212,Redfield,Netham Road,Pole,,No
0100BRP90027,Bishopston,Nevil Road,Shelter,,Yes
0100BRP90028,Bishopston,Nevil Road,Shelter,,No
0100BRA10039,Bedminster,New Charlotte Street (b),Shelter,,No
0100BRA10040,Bedminster,New Charlotte Street (a),Shelter,,No
0100BRA10062,Hengrove,New Fosseway Road,Pole,,No
0100BRA10343,Hengrove,New Fosseway Road,Pole,,Yes
0100BRA56553,The Dings,New Kingsley Rd,Pole,,No
0100BRA56554,The Dings,New Kingsley Rd,Pole,,No
0100BRA10855,Two Mile Hill,New Queen Street,,,
0100BRA10856,Two Mile Hill,New Queen Street,,,
0100BRP90180,Fishponds,New Station Road (b),Shelter,,No
0100BRP90201,Fishponds,New Station Road (a),Shelter,,No
0100BRA10102,Hartcliffe,Newland Drive,Shelter,,No
0100BRA10103,Hartcliffe,Newland Drive,Pole,,No
0100BRA10718,Sea Mills,Newlyn Avenue,,,
0100BRA10719,Sea Mills,Newlyn Avenue,,,
0100BRZ01689,Windmill Hill,Newport Street,,,
0100BRA10684,Shirehampton,Nibley Rd Coaley Rd,,,No
0100BRA10685,Shirehampton,Nibley Rd Coaley Rd,,,No
0100BRA10686,Shirehampton,Nibley Rd Hung Rd,,,No
0100BRA10687,Shirehampton,Nibley Rd Hung Rd,,,No
0100BRP90008,Montpelier,Nine Tree Hill (a),Shelter,,Yes
0100BRP90009,Montpelier,Nine Tree Hill (b),Shelter,,No
0100BRP90011,Montpelier,Nine Tree Hill (c),Shelter,,No
0100BRP90010,Montpelier,Nine Tree Hill (d),Shelter,,Yes
0100BRP90003,Kingsdown,North Street (rn),Shelter,Yes,Yes
0100BRA10464,Redfield,Northcote Road,Shelter,,Yes
0100BRA10466,Redfield,Northcote Road,Shelter,,Yes
100053309,Clifton,Northcote Road,,,
100053266,Brentry,Northover Road,,,No
0100BRP91067,Brentry,Northover Road,,,No
0100BRP92030,Westbury Park,Northumbria Drive,Shelter,,No
0100BRP92031,Westbury Park,Northumbria Drive,Pole,,No
0100BRA10153,Inn's Court,Novers Lane,Pole,,Yes
0100BRA10155,Inn's Court,Novers Lane,Pole,,No
0100BRZ01687,Windmill Hill,Nutgrove Avenue,,,
0100BRZ01688,Windmill Hill,Nutgrove Avenue,,,
0100BRA10258,Hengrove,Oatlands Avenue,Pole,,Yes
0100BRA10259,Hengrove,Oatlands Avenue,Pole,,Yes
0100BRA46646,Old Market,Old Market Street,Shelter,Yes,Yes
0100BRA46647,Old Market,Old Market Street,Shelter,Yes,Yes
0100BRA10625,Stoke Bishop,Old Sneed Road,Shelter,,No
0100BRA10626,Stoke Bishop,Old Sneed Road,Shelter,,No
0100BRA10489,St George,Orchard Road,Shelter,,Yes
0100BRA10490,St George,Orchard Road,Pole,,Yes
0100BRA10215,Redfield,Orchard Square,Pole,,No
0100BRA46640,Lockleaze,Orpen Gardens,Pole,,No
0100BRP90119,Lockleaze,Orpen Gardens,Shelter,,No
0100BRZ01666,Windmill Hill,Orwell Street,,,
0100BRZ01667,Windmill Hill,Orwell Street,,,
0100BRP90078,Ashley Down,Osborne Avenue,Pole,,No
0100BRC53364,Fishponds,Overndale Road,Lamp Post,,No
0100BRC53390,Easton,Oxford Place,,,
0100BRC53391,Easton,Oxford Place,,,
0100BRA10946,Totterdown,Oxford Street,,,
0100BRA10934,The Dings,Oxford Street,Pole,No,No
0100BRA10935,The Dings,Oxford Street,Pole,No,No
0100BRA10440,Arno's Vale,Paintworks,Shelter,Yes,Yes
0100BRA10443,Arno's Vale,Paintworks,Shelter,Yes,Yes
0100BRA10298,Knowle,Park Avenue (a),Pole,,No
0100BRA10297,Knowle,Park Avenue (b),Pole,,Yes
0100BRC53397,Knowle,Park Avenue (c),,,No
0100BRP90268,Tyndall's Park,Park Row (di),Pole,No,No
100053247,Tyndall's Park,Park Row (dh),Pole,No,No
0100BRP90231,Tyndall's Park,Park St Top (da),Pole,No,No
0100BRP90232,Tyndall's Park,Park St Top (db),Pole,No,No
0100BRP90326,Bristol City Centre,Park Street (pf),Shelter,Yes,No
0100BRA10870,Fishponds,Parnall Road,Pole,No,No
0100BRA10871,Fishponds,Parnall Road,Pole,No,No
0100BRA10736,Westbury on Trym,Parry's Lane,,,
0100BRA10737,Westbury on Trym,Parry's Lane,,,
0100BRZ01713,Bedminster Down,Parson St Station,Shelter,,No
0100BRA10077,Bedminster,Parson St West St,Shelter,,No
0100BRA10078,Bedminster,Parson Street,Shelter,,Yes
0100BRZ01678,Knowle,Paultow Road,,,
0100BRZ01679,Knowle,Paultow Road,,,
0100BRA10676,Shirehampton,Pembroke Avenue,,,No
0100BRA10677,Shirehampton,Pembroke Avenue,,,No
0100BRP91112,Southmead,Pen Park Road,Shelter,,Yes
0100BRA10786,Broadmead,Penn Street A,Pole,No,Yes
0100BRA10785,Broadmead,Penn Street B,Pole,No,Yes
0100BRA10784,Broadmead,Penn Street C,Pole,No,Yes
0100BRA10604,Shirehampton,Penpole Lane,Pole,,No
0100BRA10605,Shirehampton,Penpole Lane,Pole,,No
0100BRP91011,Clifton,Percival Road,Pole,,No
0100BRP91012,Clifton,Percival Road,Pole,,No
0100BRA10125,Bishopsworth,Perrycroft Road,Pole,,Yes
0100BRA10126,Bishopsworth,Perrycroft Road,Pole,,Yes
0100BRP92024,Golden Hill,Phoenix Grove,Pole,,No
0100BRP92036,Golden Hill,Phoenix Grove,Shelter,,No
100053340,Windmill Hill,Porlock Road,,,
0100BRZ01659,Windmill Hill,Porlock Road,,,
1000053287,Avonmouth,Portway Akeman Way,,,
0100BRA10704,Avonmouth,Portway Akeman Way,,,
1000053288,Shirehampton,Portway Burnham Rd,,,
0100BRA10701,Shirehampton,Portway Burnham Rd,,,
0100BRA10702,Shirehampton,Portway Grove Leaze,,,
0100BRZ00686,Shirehampton,Portway P&r Site,,,No
0100BRA10698,Shirehampton,Portway Park Road,,,
0100BRA10710,Shirehampton,Portway Park Road,,,
0100BRA10703,Shirehampton,Portway Portview Rd,,,
0100BRA10706,Shirehampton,Portway Portview Rd,,,
0100BRA10696,Sea Mills,Portway Riverleaze,Pole,,No
0100BRA10712,Sea Mills,Portway Riverleaze,Shelter,,Yes
0100BRA10713,Sea Mills,Portway Roman Way,Shelter,,No
0100BRA10715,Sea Mills,Portway Roman Way,Pole,,No
0100BRA10700,Shirehampton,Portway Station Rd,Shelter,,No
0100BRA10708,Shirehampton,Portway Station Rd,Shelter,,Yes
0100BRA10697,Sea Mills,Portway Sylvan Way,,,
0100BRA10711,Coombe Dingle,Portway Sylvan Way,,,
0100BRA10699,Shirehampton,Portway Woodwell Rd,Pole,,No
0100BRA10709,Shirehampton,Portway Woodwell Rd,Shelter,,Yes
0100BRZ01701,Redcliffe,Prewett Street,,,
0100BRA10283,Whitchurch,Priddy Drive,Pole,,No
0100BRA10284,Whitchurch,Priddy Drive,Shelter,,No
0100BRX32921,Redcliffe,Prince Street (bp),Pole,N/A,No
0100BRX32922,Redcliffe,Prince Street (bq),Shelter,,Yes
0100BRA10599,Shirehampton,Priory Gardens,Shelter,,No
0100BRA10600,Shirehampton,Priory Gardens,Shelter,,No
0100BRA10892,Knowle,Priory Road (a),Pole,,No
0100BRA10816,Whitehall,Prospect Place,,,No
0100BRA10817,Whitehall,Prospect Place,,,No
0100BRZ01695,Windmill Hill,Pylle Hill Cres (a),,,
0100BRZ01696,Windmill Hill,Pylle Hill Cres (b),,,
0100BRA10403,Stockwood,Pynne Road (a),Pole,,No
0100BRA10401,Stockwood,Pynne Road (b),Shelter,,No
0100BRA10525,Hillfields,Quadrant West,Pole,,No
0100BRA10527,Hillfields,Quadrant West,Shelter,,No
0100BRZ01660,Windmill Hill,Quantock Road,,,
0100BRZ01661,Windmill Hill,Quantock Road,,,
0100BRA10565,Fishponds,Quarry Way,Shelter,,No
0100BRA10566,Fishponds,Quarry Way,Pole,,No
0100BRA10780,Bristol City Centre,Quay Street (cs),Shelter,Yes,Yes
0100BRA10781,Bristol City Centre,Quay Street (ct),Shelter,Yes,Yes
0100BRP90997,Tyndall's Park,Queen's Avenue,Pole,,No
0100BRP92003,Bishopston,Queen's Drive,Pole,,No
0100BRP92060,Bishopston,Queen's Drive,Pole,,No
0100BRA10100,Withywood,Queen's Road,Pole,,Yes
0100BRA10101,Withywood,Queen's Road,Pole,,No
0100BRP90235,Tyndall's Park,Queen's Road (de),Pole,No,No
0100BRP90236,Tyndall's Park,Queen's Road (df),Pole,No,No
0100BRP90237,Tyndall's Park,Queen's Road (dg),Pole,No,No
0100BRA10024,Ashton Gate,Raleigh Road,Pole,,No
0100BRA10025,Ashton Gate,Raleigh Road,Shelter,,No
0100BRZ01691,Windmill Hill,Raven Hill,Pole,,
0100BRZ01690,Windmill Hill,Raven Hill,Pole,,
0100BRA10657,Stoke Bishop,Rayleigh Road,Pole,,No
0100BRA10658,Stoke Bishop,Rayleigh Road,Pole,,No
0100BRA16931,Knowle,Raymend Road,,,No
0100BRZ01680,Knowle,Raymend Road,,,
0100BRA10659,Stoke Bishop,Red House Lane,Pole,,No
0100BRA10660,Stoke Bishop,Red House Lane,Pole,,No
0100BRZ01710,Henleaze,Red Maid's School,,,
0100BRA10798,Redcliffe,Redcliff Hill (to),Shelter,,No
0100BRA10799,Redcliffe,Redcliff Hill (tp),Shelter,,No
0100BRA10800,Redcliffe,Redcliff Hill (tq),Shelter,,Yes
0100BRA10801,Redcliffe,Redcliff Hill (tr),Shelter,,No
0100BRA10802,Redcliffe,Redcliff Hill (ts),Shelter,,Yes
0100BRA10796,Redcliffe,Redcliffe Way (tn),Shelter,,No
0100BRA10797,Redcliffe,Redcliffe Way (tt),Shelter,,No
100053254,Redland,Redland Court Road,,,
0100BRP92045,Redland,Redland Park,Pole,,No
0100BRP92046,Redland,Redland Park,Pole,,No
0100BRP92050,Redland,Redland Station (a),Pole,,No
0100BRP92051,Redland,Redland Station (b),Shelter,,No
0100BRC53367,Redland,Redland Station (c),,,
0100BRZ00704,Stoke Bishop,Reedley Road,,,
0100BRZ00705,Stoke Bishop,Reedley Road,,,
0100BRA10437,Brislington,Repton Road,Shelter,,No
0100BRA10446,Brislington,Repton Road,Shelter,,No
0100BRZ01694,Windmill Hill,Richmond Street,,,
0100BRP90176,Fishponds,Alcove Road,Shelter,Yes,Yes
0100BRP90205,Fishponds,Huyton Road,Shelter,,No
0100BRA10203,St Anne's Park,Ripon Road,Pole,,No
0100BRA10204,St Anne's Park,Ripon Road,Shelter,,No
0100BRA10008,Ashton Vale,Risdale Road,Pole,,Yes
0100BRA10009,Ashton Vale,Risdale Road,Shelter,,Yes
100053306,Ashton Vale,Risdale Road,,,
0100BRA10007,Ashton Vale,Risdale Road,,,
0100BRA10548,Broomhill,River View,Pole,,No
0100BRA10549,Broomhill,River View,Pole,,No
0100BRP90214,Eastville,Robertson Road (a),Shelter,,No
0100BRP90213,Eastville,Robertson Road,Shelter,,Yes
0100BRP90170,Eastville,Robertson Road,Shelter,,Yes
0100BRA10632,Sneyd Park,Rockleaze Road,Pole,,No
0100BRA10633,Sneyd Park,Rockleaze Road,Pole,,No
0100BRA10884,Henleaze,Rodbourne Road,,,No
0100BRA10885,Henleaze,Rodbourne Road,,,No
0100BRA10483,Two Mile Hill,Rodney Road,Shelter,,Yes
0100BRA10484,Two Mile Hill,Rodney Road,Shelter,,Yes
0100BRA10236,Whitchurch,Rookery Way,Lamp Post,,Yes
0100BRA10237,Whitchurch,Rookery Way,Pole,,Yes
0100BRA10521,Hillfields,Rose Walk,Pole,,No
0100BRA10522,Hillfields,Rose Walk,Pole,,No
0100BRP90174,Eastville,Royate Hill,Shelter,Yes,Yes
0100BRP90207,Eastville,Royate Hill,Shelter,Yes,Yes
0100BRP90340,Bristol City Centre,Rupert Street (ca),Pole,No,Yes
0100BRP90339,Bristol City Centre,Rupert Street (cb),Shelter,Yes,Yes
0100BRP90368,Broadmead,Rupert Street (ha),Shelter,Yes,No
0100BRP90369,Broadmead,Rupert Street (hb),Shelter,Yes,No
0100BRA10492,Easton,Russell Town Avenue,Pole,,No
0100BRA10493,Easton,Russell Town Avenue,Shelter,,Yes
0100BRA10759,Knowle,Ryde Road (a),,,No
0100BRA10637,Stoke Bishop,Rylestone Grove,Pole,,No
0100BRA10638,Stoke Bishop,Rylestone Grove,Pole,,Yes
0100BRA10289,Knowle,Salcombe Green,Pole,,Yes
0100BRA10290,Knowle,Salcombe Green,Pole,,Yes
0100BRA10853,Two Mile Hill,Salisbury Avenue,,,
0100BRA10854,Two Mile Hill,Salisbury Avenue,,,
0100BRA10905,St Anne's,Salisbury Road,,,No
0100BRA10906,St Anne's,Salisbury Road,,,No
0100BRA10373,Highridge,Sandburrows Road,Shelter,,No
0100BRC53400,Highridge,Sandburrows Road,Lamp Post,,No
0100BRA16939,Brislington,Sandholme Road (b),,,No
0100BRA16938,Brislington,Sandholme Road (c),,,No
0100BRA16940,Brislington,Sandholme Road (d),,,No
0100BRA16936,Brislington,Sandholme Road (a),,,No
100053298,Westbury on Trym,Sandyleaze,,,No
100053299,Henbury,Sandyleaze,,,No
0100BRA56581,Stoke Bishop,Saville Road,Lamp Post,,No
0100BRA10618,Sea Mills,Sea Mills Lane,Shelter,,No
0100BRA10619,Sea Mills,Sea Mills Lane,Shelter,,No
0100BRA10614,Sea Mills,Sea Mills Square (a),Shelter,Yes,No
0100BRA10617,Sea Mills,Sea Mills Square (b),Pole,No,No
0100BRA10616,Sea Mills,Sea Mills Square (c),Pole,No,No
0100BRA10943,Sneyd Park,Sea Walls,Pole,,No
0100BRP90076,Ashley Down,Sefton Park Road,Pole,,No
0100BRP90077,Ashley Down,Sefton Park Road,Shelter,,No
0100BRP90185,Oldbury Court,Selbrooke Crescent,Pole,,No
0100BRP90187,Oldbury Court,Selbrooke Crescent,Shelter,,No
0100BRA10465,Redfield,Seneca Street,Shelter,,Yes
100053279,Avonmouth,Severnside Trad Est,,,
100053280,Avonmouth,Severnside Trad Est,,,
0100BRP90094,St Werburghs,Sevier Street,Pole,,No
0100BRP90095,St Werburghs,Sevier Street,Shelter,,No
100053263,Horfield,Shaldon Road,Pole,,No
0100BRP90116,Horfield,Shaldon Road,Pole,,No
0100BRA10567,Broomhill,Sheldrake Drive,Pole,,No
0100BRP90674,Broomhill,Sheldrake Drive,Shelter,,No
0100BRA10098,Withywood,Sherrin Way,Shelter,,Yes
0100BRA10099,Withywood,Sherrin Way,Pole,,No
0100BRA10146,Withywood,Sherrin Wy Terminus,Shelter,,No
0100BRA10434,Brislington,Sherwell Road,Shelter,,No
0100BRA10449,Brislington,Sherwell Road,Pole,,No
0100BRA10602,Shirehampton,Shirehampton Gr (a),Shelter,,No
0100BRA10603,Shirehampton,Shirehampton Gr (b),Shelter,,No
0100BRA10601,Shirehampton,Shirehampton Gr (c),Shelter,,No
0100BRA10641,Shirehampton,Shirehampton Park,Pole,,No
0100BRA10405,Whitchurch,Showering Road,Pole,,No
0100BRA10406,Whitchurch,Showering Road,Shelter,,No
0100BRA10094,Withywood,Shuter Road,Pole,N/A,Yes
0100BRA10095,Withywood,Shuter Road,Pole,,Yes
0100BRA10056,Bedminster,Sion Road,Shelter,,No
0100BRA10057,Bedminster,Sion Road,Pole,,No
0100BRP90157,Eastville,Sir John's Lane,Pole,,No
0100BRA56577,Hengrove Park,Skills Academy,Pole,No,Yes
0100BRA10550,Fishponds,Small Lane,Pole,,No
0100BRA10551,Fishponds,Small Lane,Pole,,No
0100BRA10746,Harbour,Smeaton Road,Lamp Post,,Yes
100053277,Avonmouth,Smoke Lane,,,
100053278,Avonmouth,Smoke Lane,,,
100053274,Avonmouth,Smoke Lane Ind. Est,,,
100053275,Avonmouth,Smoke Lane Ind. Est,,,
0100BRA10054,Bedminster,Smyth Road,Pole,,No
0100BRA10015,Ashton Vale,Smyth Road,,,
0100BRA10016,Ashton Vale,Smyth Road,,,
0100BRA10556,Fishponds,Snowdon Road,Pole,,No
0100BRA10557,Fishponds,Snowdon Road,Pole,,No
100053317,Hartcliffe,Somerfield H.q.,Pole,,No
0100BRA10233,Hartcliffe,Somerfield H.q.,,,
0100BRZ01700,Redcliffe,Somerset Square,,,
0100BRZ01699,Redcliffe,Somerset Street,,,
0100BRZ01668,Windmill Hill,Somerset Terrace,,,
0100BRZ01669,Windmill Hill,Somerset Terrace,,,
0100BRP90021,Bishopston,Sommerville Rd (a),Shelter,,Yes
0100BRP90023,Bishopston,Sommerville Rd (c),Pole,,Yes
0100BRA10859,Two Mile Hill,Soundwell Road,,,No
0100BRA10365,Bedminster Down,Marguerite Road,Shelter,,No
0100BRA10366,Bedminster Down,Marguerite Road,Pole,,No
0100BRP91037,Westbury on Trym,Southfield Road,Shelter,,No
0100BRP91038,Westbury on Trym,Southfield Road,Pole,,No
0100BRP92055,Southmead,Southmead Hosp (a),Shelter,,Yes
0100BRP92054,Southmead,Southmead Hosp (b),Shelter,,Yes
0100BRP92053,Southmead,Southmead Hospital (c),Shelter,,No
0100BRP92052,Southmead,Southmead Hospital (d),Shelter,,Yes
0100BRA10844,Coombe Dingle,Southside Close,,,No
0100BRA10845,Coombe Dingle,Southside Close,,,No
0100BRA10038,Bedminster,Southville Place,Pole,,No
0100BRA10037,Bedminster,Southville Place,Pole,,No
0100BRA10840,Coombe Dingle,Southwood Ave (a),,,No
0100BRA10841,Coombe Dingle,Southwood Ave (b),,,No
0100BRA10838,Coombe Dingle,Southwood Ave (c),,,No
0100BRA10839,Coombe Dingle,Southwood Ave (d),,,No
0100BRA10842,Coombe Dingle,Southwood Drive,,,No
0100BRA10843,Coombe Dingle,Southwood Drive,,,No
0100BRA10269,Whitchurch,Sports Cen W'church,,,
0100BRA10270,Whitchurch,Sports Cen W'church,,,
0100BRA10305,Bedminster,Spring Street,Pole,,No
0100BRA10306,Bedminster,Spring Street,Pole,,No
0100BRP92058,Westbury Park,Springfield Grove,Pole,,No
0100BRP92059,Westbury Park,Springfield Grove,Shelter,,No
0100BRA10732,Avonmouth,St Andrew's Rd Stn,,,
0100BRA10733,Avonmouth,St Andrew's Rd Stn,,,
0100BRA10731,Avonmouth,St Andrew's Road,,,
0100BRA10734,Avonmouth,St Andrew's Road,,,
0100BRA10163,Knowle,St Barnabas Close,Shelter,,No
0100BRA10164,Knowle,St Barnabas Close,Pole,,No
0100BRA16942,Hillfields,St Bede's Road,Pole,,No
0100BRA16943,Hillfields,St Bede's Road,Pole,,No
0100BRA10915,St Anne's Park,St Brelades Grove,Pole,,No
0100BRA10916,St Anne's Park,St Brelades Grove,Pole,,No
0100BRA10425,Brislington,St Brendan's Coll,,,
0100BRA10426,Brislington,St Brendan's Coll,,,
0100BRA56563,Bedminster,St Dunstan's Road,,,No
0100BRA56564,Bedminster,St Dunstan's Road,,,No
0100BRP91105,Brentry,St Josephs Road,Pole,,Yes
0100BRP91106,Brentry,St Josephs Road,Pole,,No
0100BRA10722,Shirehampton,St Mary's Road,,,No
0100BRA10723,Shirehampton,St Mary's Road,,,No
0100BRA10720,Shirehampton,St Mary's Walk,,,No
0100BRA10721,Shirehampton,St Mary's Walk,,,No
0100BRP92063,Westbury Park,St Oswald's Road,Pole,,No
0100BRP92064,Westbury Park,St Oswald's Road,Pole,,No
0100BRA10762,Knowle,St Peter's Hospice,,,No
0100BRA10763,Knowle,St Peter's Hospice,,,No
0100BRA10937,Old Market,St Phillips Road,Pole,,No
0100BRA56561,Old Market,St Phillips Road,Pole,,No
0100BRZ01709,Henleaze,St Ursula's Hgh Sch,,,
0100BRA10123,Headley Park,St. Peters Rise,Pole,,No
0100BRA10124,Headley Park,St. Peters Rise,Pole,,No
0100BRP90096,St Werburghs,Stafford Road,Shelter,,No
0100BRP90097,St Werburghs,Stafford Road,Pole,,No
0100BRP90195,Fishponds,Stanbury Avenue,Pole,,No
0100BRP90196,Fishponds,Stanbury Avenue,Pole,,No
0100BRP91096,Brentry,Standon Way,,,
0100BRP91097,Brentry,Standon Way,,,
0100BRP90225,Stapleton,Stapleton Church,Pole,,No
0100BRP90226,Stapleton,Stapleton Church,Shelter,,No
0100BRP90228,Eastville,Stapleton Road (a),Pole,,No
0100BRP90158,Eastville,Stapleton Road (b),Pole,,No
0100BRP90169,Eastville,Stapleton Road Stn,Pole,,No
0100BRP90215,Eastville,Stapleton Road Stn,Shelter,,Yes
0100BRZ01697,Windmill Hill,Stevens Crescent,,,
100053324,Ashton Vale,Sth Liberty La (a),,,
100053325,Ashton Vale,Sth Liberty La (a),,,
0100BRA10144,Bishopsworth,Stillingfleet Road,,,
0100BRC53405,Hartcliffe,Stillingfleet Road,Lamp Post,,No
0100BRA10295,Knowle,Stockwood Crescent,Pole,,Yes
0100BRA10296,Knowle,Stockwood Crescent,Pole,,Yes
0100BRA10392,Whitchurch,Stockwood Lane,Lamp Post,,No
0100BRA10393,Whitchurch,Stockwood Lane,,,
0100BRA10395,Stockwood,Stockwood Library,Shelter,,No
0100BRA10187,Brislington,Stockwood Road,Shelter,,No
0100BRA10188,Brislington,Stockwood Road,Shelter,,No
0100BRA10629,Sneyd Park,Stoke Hill,Pole,,No
0100BRA10570,Broomhill,Stoke Lane,Pole,,Yes
0100BRA10639,Stoke Bishop,Stoke Lane,Shelter,,No
0100BRA10640,Stoke Bishop,Stoke Lane,Pole,,No
0100BRP90673,Broomhill,Stoke Lane,Shelter,,Yes
0100BRA10738,Westbury on Trym,Stoke Lane Shops,,,
0100BRA10739,Westbury on Trym,Stoke Lane Shops,,,
0100BRP90004,Kingsdown,Stokes Croft (ro),Pole,No,Yes
0100BRP90350,Kingsdown,Stokes Croft (rp),Pole,No,Yes
0100BRP90130,Lockleaze,Stothard Road,Shelter,,No
0100BRP90131,Lockleaze,Stothard Road,Pole,,No
0100BRP90190,Fishponds,Straits Pde (a),Shelter,,No
0100BRP90181,Fishponds,Straits Pde (b),Shelter,,No
0100BRA10691,Shirehampton,Stroud Road,,,No
0100BRA10692,Shirehampton,Stroud Road,,,No
0100BRP91001,Clifton,Students Union,Pole,,No
0100BRP91002,Clifton,Students Union,Pole,,No
0100BRA10409,Whitchurch,Sturminster Close,Pole,,No
0100BRA10410,Stockwood,Sturminster Close,Shelter,,No
0100BRA10176,Brislington,Sturminster Road (a),Shelter,,Yes
0100BRA10175,Brislington,Sturminster Road (b),Pole,,No
0100BRA10418,Brislington,Sturminster Road (c),Shelter,,No
0100BRA16908,Clifton,Sunderland Place,Pole,,No
0100BRP90996,Clifton,Sunderland Place,Pole,,No
0100BRA10653,Sea Mills,Sunny Hill,,,
0100BRA10654,Sea Mills,Sunny Hill,,,
0100BRA10197,Brislington,Sunnydene,Shelter,,No
0100BRA10198,Brislington,Sunnydene,Pole,,No
0100BRA10276,Hengrove Park,Swainswick,Pole,,No
0100BRA10277,Hengrove Park,Swainswick,Shelter,,No
0100BRA10385,Stockwood,Swane Road,Lamp Post,,No
0100BRA10386,Stockwood,Swane Road,,,
0100BRA10010,Ashton Vale,Swiss Drive,Pole,,Yes
0100BRA10011,Ashton Vale,Swiss Drive,Pole,,Yes
0100BRA10749,,Mardyke Ferry Road,,,No
0100BRA10609,Sea Mills,Sylvan Way,Pole,,No
0100BRA10133,Hartcliffe,Symes Avenue,Shelter,,No
0100BRA10134,Hartcliffe,Symes Avenue,Shelter,,Yes
0100BRA56565,Whitchurch,Tanorth Road,,,
0100BRA10291,Knowle,Teignmouth Road,Pole,,Yes
0100BRA10292,Knowle,Teignmouth Road,Pole,,Yes
0100BRP90313,Temple Meads,Temple Meads (ta),,,No
0100BRP90312,Temple Meads,Temple Meads (tb),Lamp Post,,No
0100BRZ00687,Temple Meads,Temple Meads (tb),,,No
0100BRP90310,Temple Meads,Temple Meads (te),Shelter,,No
0100BRP90311,Temple Meads,Temple Meads (tf),Shelter,,No
0100BRP90317,Temple Meads,Temple Meads (tg),Shelter,,No
0100BRP90318,Temple Meads,Temple Meads (tj),Shelter,,No
0100BRP90319,Temple Meads,Temple Meads (tk),Shelter,,No
0100BRP90307,Old Market,Temple Way (of),Shelter,,No
0100BRP90308,Old Market,Temple Way (og),Shelter,,No
0100BRP90324,Old Market,Temple Way (oh),Shelter,,No
0100BRP90325,Old Market,Temple Way (oi),Shelter,,No
0100BRP90309,Temple Meads,Temple Way (th),Pole,,No
0100BRP90320,Temple Meads,Temple Way (tl),Shelter,,No
0100BRA10213,Redfield,Terrell Gardens,Pole,,No
0100BRA10214,Redfield,Terrell Gardens,Pole,,No
0100BRA10929,Brislington,Tesco Brislington,Pole,,Yes
0100BRC53386,Eastville,Tesco Car Park,,,
0100BRA10849,St George,Thatchers Close,,,
0100BRA10850,St George,Thatchers Close,,,
0100BRA10468,St George,The Avenue,Shelter,,No
0100BRA10469,St George,The Avenue,Shelter,,Yes
0100BRA10630,Sneyd Park,The Avenue,Pole,,No
0100BRA10631,Sneyd Park,The Avenue,Shelter,,No
0100BRP91017,Clifton,The Avenue,Pole,,No
0100BRP91018,Clifton,The Avenue,Pole,,No
0100BRA10595,Shirehampton,The Bean Acre,Pole,,No
0100BRA10596,Shirehampton,The Bean Acre,Pole,,No
0100BRP90338,Bristol City Centre,The Centre (cc),Shelter,Yes,No
0100BRP90337,Bristol City Centre,The Centre (cd),Shelter,Yes,No
0100BRA16904,Bristol City Centre,The Centre (ce),Pole,No,No
0100BRP90332,Bristol City Centre,The Centre (cf),Shelter,Yes,Yes
0100BRP90330,Bristol City Centre,The Centre (cg),Shelter,Yes,Yes
0100BRP90333,Bristol City Centre,The Centre (ch),Shelter,Yes,Yes
0100BRP90335,Bristol City Centre,The Centre (ci),Shelter,Yes,Yes
0100BRP90329,Bristol City Centre,The Centre (cj),Pole,,No
0100BRP90373,Bristol City Centre,The Centre (cp),Shelter,Yes,No
0100BRP90372,Bristol City Centre,The Centre (cq),Shelter,Yes,Yes
0100BRP90371,Bristol City Centre,The Centre (cr),Shelter,Yes,Yes
0100BRZ00692,Bristol City Centre,The Centre (cu),Pole,No,No
0100BRP90336,Bristol City Centre,The Centre (cv),Pole,No,No
0100BRA16910,Broadmead,Rupert Street (hf),Pole,No,No
0100BRA16911,Broadmead,Rupert Street (hg),Pole,No,No
0100BRA10543,Stapleton,The Chine,Pole,,No
0100BRA10544,Stapleton,The Chine,Shelter,,No
0100BRA10398,Stockwood,The Coots,Pole,,No
0100BRA10661,Coombe Dingle,The Dingle,Pole,,No
0100BRA10662,Coombe Dingle,The Dingle,Shelter,,No
0100BRX32920,Redcliffe,The Grove (bm),Shelter,Yes,Yes
0100BRP90346,Broadmead,The Haymarket (re),Shelter,Yes,Yes
0100BRP90347,Broadmead,The Haymarket (rf),Shelter,Yes,Yes
0100BRP90349,Broadmead,The Haymarket (rg),Shelter,Yes,Yes
0100BRP90343,Broadmead,The Haymarket (rh),Shelter,Yes,No
0100BRP90344,Broadmead,The Haymarket (ri),Shelter,Yes,No
0100BRP90345,Broadmead,The Haymarket (rj),Shelter,Yes,No
0100BRP90348,Broadmead,The Haymarket (rs),Shelter,Yes,No
0100BRP90399,Broadmead,The Horsefair (sk),Shelter,Yes,Yes
0100BRP90402,Broadmead,The Horsefair (sl),Shelter,Yes,Yes
0100BRP90404,Broadmead,The Horsefair (sm),Shelter,Yes,Yes
0100BRP90405,Broadmead,The Horsefair (sn),Shelter,Yes,Yes
0100BRP90409,Broadmead,The Horsefair (so),Shelter,Yes,Yes
0100BRP90408,Broadmead,The Horsefair (sp),Shelter,Yes,No
0100BRA10308,Bedminster,The Malago,Shelter,,No
0100BRA10309,Bedminster,The Malago,Shelter,,No
0100BRA10846,Sea Mills,The Pentagon,Pole,No,No
0100BRP91049,Brentry,The Ridgeway,Shelter,,Yes
0100BRP91050,Brentry,The Ridgeway,Shelter,,No
0100BRA10922,Brislington,The Rock,Pole,No,No
0100BRA10923,Brislington,The Rock,,No,No
0100BRA56574,Hartcliffe,The Boulevard,Shelter,Yes,Yes
0100BRA56575,Hartcliffe,The Boulevard,Shelter,Yes,Yes
0100BRP91068,Henbury,The Salutation (a),Pole,,No
0100BRP91059,Henbury,The Salutation (b),Pole,,Yes
0100BRP91058,Henbury,The Salutation (c),Pole,,No
0100BRC53387,Hillfields,Thicket Avenue,,,No
0100BRP90197,Fishponds,Thicket Road,Shelter,Yes,Yes
100053281,Avonmouth,Third Way,Pole,No,No
0100BRP90165,Easton,Thrissell Street,Shelter,Yes,Yes
0100BRP90219,Easton,Thrissell Street,Shelter,Yes,Yes
0100BRA10274,Hengrove,Thurlestone,Shelter,,No
0100BRA10275,Hengrove,Thurlestone,Pole,,No
0100BRA10880,Henleaze,Tilling Road,,,No
0100BRA10881,Henleaze,Tilling Road,,,No
0100BRA10252,Whitchurch,Timberscombe Walk,Pole,,Yes
0100BRA10253,Whitchurch,Timberscombe Walk,Pole,,Yes
0100BRP91064,Henbury,Tormarton Crescent,Pole,,Yes
0100BRP91065,Henbury,Tormarton Crescent,Shelter,,Yes
0100BRP90057,Horfield,Toronto Road,Shelter,,Yes
0100BRP90058,Horfield,Toronto Road,Shelter,,Yes
0100BRA10768,Bedminster,Torpoint Road,,,No
0100BRA10769,Bedminster,Torpoint Road,,,No
0100BRA10441,Totterdown,Totterdown Bridge,Shelter,Yes,Yes
0100BRA10442,Totterdown,Totterdown Bridge,Shelter,Yes,Yes
0100BRA10931,Arno's Vale,Tramway Road,Shelter,Yes,Yes
0100BRA10932,Arno's Vale,Tramway Road,Shelter,Yes,Yes
0100BRA10553,Fishponds,Trendlewood Park,Pole,,No
0100BRA10554,Fishponds,Trendlewood Park,Pole,,No
0100BRP90233,Tyndall's Park,Triangle West (dc),Shelter,Yes,No
0100BRP90234,Tyndall's Park,Triangle West (dd),Shelter,Yes,Yes
0100BRA10472,St George,Troopers Hill Road,Pole,,No
0100BRA10473,St George,Troopers Hill Road,Shelter,,Yes
0100BRA10673,Lawrence Weston,Tufton Avenue,,,No
0100BRA10674,Lawrence Weston,Tufton Avenue,,,No
0100BRP91107,Southmead,Turnbridge Road,Shelter,,No
0100BRP91108,Southmead,Turnbridge Road,Pole,No,No
0100BRA10096,Withywood,Turtlegate Avenue,Shelter,,Yes
0100BRA10097,Withywood,Turtlegate Avenue,Pole,No,Yes
0100BRP90150,Lockleaze,Turville Drive,Pole,No,No
0100BRP90151,Lockleaze,Turville Drive,Pole,No,No
0100BRA10481,Two Mile Hill,Two Mile Court,Shelter,Yes,Yes
0100BRA10482,Two Mile Hill,Two Mile Court,Shelter,Yes,Yes
0100BRA10878,Clifton,Tyndall's Park Road,Pole,No,No
0100BRP90386,Broadmead,Union Street (sf),Shelter,,No
0100BRP90387,Broadmead,Union Street (sg),Shelter,,No
0100BRP90388,Broadmead,Union Street (sh),Shelter,,Yes
0100BRP90396,Broadmead,Union Street (si),Shelter,,Yes
0100BRC53388,Broadmead,Union Street (sj),Shelter,,Yes
0100BRA10740,Clifton,Upper Belgrave Road,Pole,No,No
0100BRA10741,Clifton,Upper Belgrave Road,Pole,No,No
0100BRP92071,Redland,Upper Cranbrook Road,Pole,,No
0100BRA10075,Bedminster,Utd Reform Church,Shelter,,Yes
0100BRA10116,Bedminster Down,Vale Lane,Pole,,No
0100BRA10117,Bedminster Down,Vale Lane,Pole,,No
0100BRP90183,Oldbury Court,Vassal Road,Pole,,No
0100BRP90189,Oldbury Court,Vassal Road,Shelter,,No
0100BRA10505,Speedwell,Ventnor Road,Shelter,,No
0100BRA10506,Speedwell,Ventnor Road,Pole,,No
0100BRP90998,Clifton,Victoria Rooms,Pole,,No
0100BRP90999,Clifton,Victoria Rooms,Pole,,No
0100BRA46638,Clifton (Bristol),Victoria Square,Pole,,Yes
0100BRP91003,Clifton,Victoria Square,Pole,,Yes
0100BRA10791,Redcliffe,Victoria St (bf),Shelter,,No
0100BRA10793,Redcliffe,Victoria St (bg),Shelter,,Yes
0100BRA10792,Redcliffe,Victoria St (bh),Shelter,,No
0100BRA10794,Redcliffe,Victoria St (tu),Shelter,,Yes
0100BRA10795,Redcliffe,Victoria St (tv),Shelter,,Yes
0100BRP90167,Eastville,Villiers Road,Shelter,,Yes
0100BRP90217,Easton,Villiers Road,Shelter,,Yes
0100BRZ01664,Windmill Hill,Vivian St Orwell St,,,
0100BRZ01665,Windmill Hill,Vivian St Orwell St,,,
0100BRP90168,Eastville,Warwick Road,Pole,,Yes
0100BRP90216,Eastville,Warwick Road,Shelter,,Yes
0100BRP92072,Henleaze,Waterdale Gardens,Shelter,,No
0100BRP92073,Henleaze,Waterdale Gardens,Pole,,No
0100BRA10728,Shirehampton,Watling Way,,,No
0100BRA10729,Shirehampton,Watling Way,,,No
0100BRA10316,Lower Knowle,Wedmore Vale,Shelter,,No
0100BRA10317,Lower Knowle,Wedmore Vale,Pole,,No
0100BRP92034,Henleaze,Wellington Hill,Shelter,,No
0100BRA10071,Bedminster,Wesley Street,Pole,No,No
0100BRA10072,Bedminster,Wesley Street,Pole,No,No
0100BRA10832,Horfield,Wessex Avenue,Pole,,No
0100BRA10833,Horfield,Wessex Avenue,Pole,,No
0100BRP90221,Old Market,West Street,Shelter,,No
0100BRA10179,Brislington,West Town Lane,Shelter,,No
0100BRA10180,Brislington,West Town Lane,Pole,,No
0100BRA10177,Brislington,West Town Park,Shelter,,No
0100BRA10178,Brislington,West Town Park,Pole,,No
0100BRP91077,Westbury on Trym,Westbury High St (a),Pole,,No
0100BRA10606,Shirehampton,Westbury Lane,Shelter,,No
0100BRA10607,Shirehampton,Westbury Lane,Pole,,No
0100BRP91031,Westbury Park,Westbury Road (a),Shelter,,No
0100BRP91029,Westbury Park,Westbury Road (b),Shelter,,No
0100BRP91030,Westbury Park,Westbury Road (c),Shelter,,No
1000053305,Westbury Park,Westbury Road (d),Pole,,No
0100BRP91039,Westbury on Trym,Westbury Vil (a),Shelter,Yes,No
0100BRP91040,Westbury on Trym,Westbury Vil (b),Shelter,Yes,No
0100BRP91041,Westbury on Trym,Westbury Vil (c),Shelter,Yes,No
0100BRP91043,Westbury on Trym,Westbury Vil (d),Shelter,Yes,No
0100BRP91042,Westbury on Trym,Westbury Vil (e),Shelter,Yes,No
0100BRP91044,Westbury on Trym,Westbury Vil (f),Shelter,Yes,No
100053265,Brentry,Westover Road,,,No
0100BRP91066,Brentry,Westover Road,,,No
0100BRA10315,Lower Knowle,Weymouth Road,Pole,No,No
0100BRA10256,Whitchurch,Wharnecliffe Gdns,Pole,No,Yes
0100BRA10257,Whitchurch,Wharnecliffe Gdns,Pole,No,Yes
0100BRA10344,Whitchurch,Whitecross Avenue,Pole,No,No
0100BRA10353,Whitchurch,Whitecross Avenue,Shelter,,Yes
0100BRA10537,Speedwell,Whitefield Avenue,Pole,No,No
0100BRA10538,Speedwell,Whitefield Avenue,Pole,No,No
0100BRP92079,Southmead,Whiteleaze,Pole,No,No
0100BRP92080,Southmead,Whiteleaze,Pole,No,No
0100BRA10487,St George,Whiteway Road,Pole,No,Yes
0100BRA10488,St George,Whiteway Road,Shelter,,Yes
0100BRA10509,Speedwell,Whiteway Road,Shelter,,No
0100BRA10510,Speedwell,Whiteway Road,Pole,No,No
0100BRA10539,Speedwell,Whitewood Road,Pole,No,No
0100BRA10540,Speedwell,Whitewood Road,Shelter,,No
0100BRA10143,Bishopsworth,Whitland Avenue,Lamp Post,No,No
0100BRC53395,Hartcliffe,Whitland Avenue,,,
0100BRA10453,Broom Hill,Whitmore Avenue,Shelter,,No
0100BRA10435,Brislington,Wick Crescent,Shelter,,No
0100BRA10448,Brislington,Wick Crescent,Shelter,,No
0100BRA10907,St Anne's,Wick Road,Pole,,No
0100BRA10908,St Anne's,Wick Road,,,No
0100BRZ01693,Windmill Hill,William Street,,,
100053313,Filwood Park,Willinton Road,Pole,,No
100053315,Filwood Park,Willinton Road,Pole,,No
0100BRA10635,Stoke Bishop,Wills Hall,Pole,No,No
0100BRA10636,Stoke Bishop,Wills Hall,Pole,No,No
0100BRA10151,Hengrove,Wills Way,Pole,No,Yes
0100BRA10152,Hengrove,Wills Way,Pole,No,Yes
0100BRP92081,Southmead,Wilton Close,Shelter,,No
0100BRP92082,Southmead,Wilton Close,Pole,,Yes
0100BRA10436,Brislington,Winchester Road,Shelter,,No
0100BRA10447,Brislington,Winchester Road,Pole,,No
0100BRZ01655,Windmill Hill,Windmill Hill,,,
0100BRZ01656,Windmill Hill,Windmill Hill,,,
0100BRZ00695,Henbury,Windmill Lane,Pole,,No
0100BRZ00696,Henbury,Windmill Lane,Pole,,No
0100BRA10301,Windmill Hill,Windsor Terrace,Pole,,No
0100BRA10302,Windmill Hill,Windsor Terrace,Pole,,No
0100BRP90385,Broadmead,Wine Street (sc),Shelter,,Yes
0100BRP90384,Broadmead,Wine Street (se),Shelter,Yes,Yes
0100BRA10361,Bedminster Down,Winford Grove,Shelter,,No
0100BRA10362,Bedminster Down,Winford Grove,Pole,,No
100053343,Bower Ashton,Winterstoke Road,Shelter,,Yes
0100BRP90155,Eastville,Woburn Road,Pole,No,No
0100BRP90156,Eastville,Woburn Road,Pole,No,No
0100BRA16944,Hillfields,Woodland Avenue,Pole,No,No
0100BRA10864,Soundwell,Woodland Way,,No,No
0100BRA10865,Hillfields,Woodland Way,Pole,No,No
0100BRA10651,Sea Mills,Woodleaze,,,
0100BRA10652,Sea Mills,Woodleaze,,,
0100BRA10205,St Anne's Park,Wootton Crescent,Pole,No,No
0100BRA10206,St Anne's Park,Wootton Crescent,Pole,No,No
0100BRA10173,Hengrove,Wootton Park,Shelter,,Yes
0100BRA10174,Hengrove,Wootton Park,Shelter,,Yes
0100BRA10529,Fishponds,Worcester Close,Shelter,,No
0100BRA10530,Fishponds,Worcester Close,,,No
0100BRZ00702,Stoke Bishop,Wot Baptist Church,,,
0100BRZ00703,Stoke Bishop,Wot Baptist Church,,,
0100BRC53358,Broomhill,Wren Drive,,,
0100BRC53359,Broomhill,Wren Drive,,,
0100BRA10083,Bishopsworth,Wrington Crescent,Pole,No,No
0100BRA10084,Bishopsworth,Wrington Crescent,Pole,No,No
0100BRA10430,Broom Hill,Wyndham Crescent,Pole,No,No
0100BRA10452,Broom Hill,Wyndham Crescent,Pole,No,No
0100BRA10820,Easton,York Road,,,No
0100BRC53393,Easton,York Road,,,No
0100BRP90015,Bishopston,Zetland Rd Jctn (b),Pole,No,No
0100BRP90017,Bishopston,Zetland Rd Jtn (a),Pole,No,Yes
0100BRP90018,Bishopston,Zetland Rd Jtn (c),Shelter,Yes,No
0100BRP90019,Bishopston,Zetland Rd Jtn (d),Shelter,Yes,Yes
